Program,Retained Report ID,Candidate Report ID,Candidate Report Number,Subawardee UEI,Subawardee Vendor Name,Prime PIID,Subaward Date,Subaward Amount $M
ddg,20701141,20701140,a0abc438-fcb9-11ef-8e2a-e7034f2d18cd,C6C8KS7Y1K76,MIDE TECHNOLOGY CORPORATION,N0002413C2307,2017-07-10,0.029951
ddg,20701155,20701154,a0abe918-fcb9-11ef-8e2a-e7034f2d18cd,C6C8KS7Y1K76,MIDE TECHNOLOGY CORPORATION,N0002413C2307,2017-07-14,0.276184
ddg,20701718,20701717,a0b2555a-fcb9-11ef-8e2a-e7034f2d18cd,CFXRGJSB9UB6,"SPD ELECTRICAL SYSTEMS, INC",N0002413C2307,2018-11-29,0.190428
ddg,20700681,20700680,9e71bb14-fcb9-11ef-8e2a-e7034f2d18cd,DWUHNL9BC3U7,"HOWELL LABORATORIES, INC.",N0002413C2307,2017-07-29,1.000998
ddg,20699962,20699961,9e6991e6-fcb9-11ef-8e2a-e7034f2d18cd,EZVMH8VEGL34,"BAUER COMPRESSORS, INC.",N0002413C2307,2017-07-26,0.146754
ddg,20700735,20700734,9e724bf6-fcb9-11ef-8e2a-e7034f2d18cd,FLMQAKFEMG64,INDEECO LLC,N0002413C2307,2017-07-20,0.395669
ddg,20700723,20700722,9e722cfc-fcb9-11ef-8e2a-e7034f2d18cd,FLMQAKFEMG64,INDEECO LLC,N0002413C2307,2017-07-20,0.171084
ddg,20700726,20700725,9e7234b8-fcb9-11ef-8e2a-e7034f2d18cd,FLMQAKFEMG64,INDEECO LLC,N0002413C2307,2017-07-27,0.192813
ddg,20700717,20700716,9e721df2-fcb9-11ef-8e2a-e7034f2d18cd,FLMQAKFEMG64,INDEECO LLC,N0002413C2307,2017-07-27,0.100913
ddg,20699837,20699836,9e683d5a-fcb9-11ef-8e2a-e7034f2d18cd,G78MQ69BN636,AIRCRAFT APPLIANCES AND EQUIPMENT LIMITED,N0002413C2307,2017-07-14,0.199174
ddg,20699833,20699832,9e6832c4-fcb9-11ef-8e2a-e7034f2d18cd,G78MQ69BN636,AIRCRAFT APPLIANCES AND EQUIPMENT LIMITED,N0002413C2307,2017-07-14,0.153088
ddg,20701566,20701565,a0b0c85c-fcb9-11ef-8e2a-e7034f2d18cd,HLVBPCA2LH41,ROLLS-ROYCE MARINE NORTH AMERICA INC.,N0002413C2307,2018-11-19,0.033662
ddg,20702080,20702079,a24c8f5c-fcb9-11ef-8e2a-e7034f2d18cd,J3AFGKXWYK73,YORK INTERNATIONAL CORPORATION,N0002413C2307,2013-06-03,8.324665
ddg,20702082,20702081,a24c9524-fcb9-11ef-8e2a-e7034f2d18cd,J3AFGKXWYK73,YORK INTERNATIONAL CORPORATION,N0002413C2307,2014-03-18,8.623978
ddg,20702084,20702083,a24c9ab0-fcb9-11ef-8e2a-e7034f2d18cd,J3AFGKXWYK73,YORK INTERNATIONAL CORPORATION,N0002413C2307,2014-12-18,8.756111
ddg,20702060,20702059,a24c56e0-fcb9-11ef-8e2a-e7034f2d18cd,J3AFGKXWYK73,YORK INTERNATIONAL CORPORATION,N0002413C2307,2017-08-02,0.039227
ddg,20702066,20702065,a24c673e-fcb9-11ef-8e2a-e7034f2d18cd,J3AFGKXWYK73,YORK INTERNATIONAL CORPORATION,N0002413C2307,2017-08-29,0.046550
ddg,20700053,20700052,9e6aad10-fcb9-11ef-8e2a-e7034f2d18cd,J8ATNVMEGLK1,"CHAND, L.L.C.",N0002413C2307,2018-11-09,0.033690
ddg,20701987,20701986,a24b5a10-fcb9-11ef-8e2a-e7034f2d18cd,JA2KCX21NL48,"WARTSILA DEFENSE, INC.",N0002413C2307,2017-07-07,0.041190
ddg,20701999,20701998,a24ba434-fcb9-11ef-8e2a-e7034f2d18cd,JA2KCX21NL48,"WARTSILA DEFENSE, INC.",N0002413C2307,2017-07-14,0.295115
ddg,20701993,20701992,a24b93cc-fcb9-11ef-8e2a-e7034f2d18cd,JA2KCX21NL48,"WARTSILA DEFENSE, INC.",N0002413C2307,2017-07-14,0.274507
ddg,20701447,20701446,a0af6372-fcb9-11ef-8e2a-e7034f2d18cd,JEP5GQGFPUL9,PORTLAND VALVE LLC,N0002413C2307,2018-11-09,0.025604
ddg,20701394,20701393,a0aed984-fcb9-11ef-8e2a-e7034f2d18cd,JGNYLKEPEBL4,"PEMCO-NAVAL ENGINEERING WORKS, INC.",N0002413C2307,2017-07-24,0.032232
ddg,20700445,20700444,9e6f25b6-fcb9-11ef-8e2a-e7034f2d18cd,JRUCKDSNXKD5,"ENTWISTLE COMPANY, THE",N0002413C2307,2017-07-21,0.163274
ddg,20701915,20701914,a24a931e-fcb9-11ef-8e2a-e7034f2d18cd,KCYPSYNH1M94,US JOINER LLC,N0002413C2307,2018-11-20,0.160481
ddg,20700899,20700898,a0a90cd4-fcb9-11ef-8e2a-e7034f2d18cd,KKRXVDJZQ5V5,KEYSTONE FIRE PROTECTION CO.,N0002413C2307,2017-07-07,0.063000
ddg,20700896,20700895,a0a904aa-fcb9-11ef-8e2a-e7034f2d18cd,KKRXVDJZQ5V5,KEYSTONE FIRE PROTECTION CO.,N0002413C2307,2017-07-28,0.036450
ddg,20701948,20701947,a24aeeae-fcb9-11ef-8e2a-e7034f2d18cd,LFVJABJDQVZ9,"W. & O. SUPPLY, INC.",N0002413C2307,2017-07-28,0.052845
ddg,20700068,20700067,9e6af464-fcb9-11ef-8e2a-e7034f2d18cd,M8ZHL8ZXGQP5,"CHROMALOX, INC.",N0002413C2307,2017-07-31,0.096881
ddg,20701161,20701160,a0abf91c-fcb9-11ef-8e2a-e7034f2d18cd,MC77SUMRLXY5,"MILWAUKEE VALVE COMPANY, INC.",N0002413C2307,2018-11-19,0.031309
ddg,20700515,20700514,9e70059e-fcb9-11ef-8e2a-e7034f2d18cd,N6P1AGPMV456,EVAC NORTH AMERICA INC.,N0002413C2307,2018-11-11,0.042540
ddg,20701440,20701439,a0af5152-fcb9-11ef-8e2a-e7034f2d18cd,NQKEVF8KEMP1,PIVOTAL POWER INC,N0002413C2307,2018-11-26,0.191084
ddg,20701532,20701531,a0b06ee8-fcb9-11ef-8e2a-e7034f2d18cd,PDZUR2FMYD89,"RANGER ENVIRONMENTAL SERVICES, LLC",N0002413C2307,2018-11-01,0.052734
ddg,20699936,20699935,9e694b1e-fcb9-11ef-8e2a-e7034f2d18cd,PJRYS7EFXQD9,"B.N.L. INDUSTRIES, INC.",N0002413C2307,2017-07-25,0.066111
ddg,20701824,20701823,a2499130-fcb9-11ef-8e2a-e7034f2d18cd,QMXJLLJZ5QY4,TORK SYSTEMS INC,N0002413C2307,2024-06-06,0.052157
ddg,20700906,20700905,a0a91f8a-fcb9-11ef-8e2a-e7034f2d18cd,RMLGMBGNPCC8,"KINGSBURY, INC.",N0002413C2307,2018-11-01,0.049526
ddg,20702050,20702049,a24c3a8e-fcb9-11ef-8e2a-e7034f2d18cd,VDGQNU1VJC64,XCHANGER MANUFACTURING CORPORATION,N0002413C2307,2017-07-25,0.223679
ddg,20700696,20700695,9e71e59e-fcb9-11ef-8e2a-e7034f2d18cd,WMXDDH6HJNA5,HUNTINGTON INGALLS INCORPORATED,N0002413C2307,2017-07-12,0.845658
ddg,20699975,20699974,9e69b356-fcb9-11ef-8e2a-e7034f2d18cd,WWMME88ERQG5,"BESTWELD, INC.",N0002413C2307,2017-07-28,0.058611
virginia,20949021,20949020,70a492fa-fcba-11ef-8e2a-e7034f2d18cd,C1CCV2BRQJ26,MARINE EQUIPMENT AND ENGINEERING SOLUTIONS LLC,N0002417C2100,2018-12-14,0.027560
virginia,20750619,20750618,bc9ac036-fcb9-11ef-8e2a-e7034f2d18cd,C3B4GMUXK277,"BOWMAR, LLC",N0002416C2111,2016-12-12,-1.158440
virginia,20692504,20692503,8c238762-fcb9-11ef-8e2a-e7034f2d18cd,C9C6HPQLL4A8,CATERPILLAR INC.,N0002412C2115,2017-01-06,0.015315
virginia,20750596,20750595,bc9a824c-fcb9-11ef-8e2a-e7034f2d18cd,CABCB9XBJHK5,"APOLLO PROFESSIONAL SOLUTIONS, INC.",N0002416C2111,2017-10-16,0.133000
virginia,20750593,20750592,bc9a7a54-fcb9-11ef-8e2a-e7034f2d18cd,CABCB9XBJHK5,"APOLLO PROFESSIONAL SOLUTIONS, INC.",N0002416C2111,2018-11-09,0.074820
virginia,20692705,20692704,8c259598-fcb9-11ef-8e2a-e7034f2d18cd,CBB5ZBL4F2G3,ENVIRONMENTAL CONTAINMENT SYSTEMS LLC,N0002412C2115,2017-03-31,-0.001036
virginia,20750877,20750876,bd505c34-fcb9-11ef-8e2a-e7034f2d18cd,CBMZJ3Z5SC89,GOODRICH CORPORATION,N0002416C2111,2018-07-05,-0.000704
virginia,20750885,20750884,bd507124-fcb9-11ef-8e2a-e7034f2d18cd,CBMZJ3Z5SC89,GOODRICH CORPORATION,N0002416C2111,2018-10-15,0.044480
virginia,20751185,20751184,bd53fa92-fcb9-11ef-8e2a-e7034f2d18cd,CFXRGJSB9UB6,"SPD ELECTRICAL SYSTEMS, INC",N0002416C2111,2020-02-03,0.050389
virginia,20751185,20751183,bd53f75e-fcb9-11ef-8e2a-e7034f2d18cd,CFXRGJSB9UB6,"SPD ELECTRICAL SYSTEMS, INC",N0002416C2111,2020-02-03,0.050389
virginia,20751041,20751040,bd52703c-fcb9-11ef-8e2a-e7034f2d18cd,CKBGA756V5H9,MITCHELL MACHINE INCORPORATED,N0002416C2111,2018-06-18,0.058400
virginia,20751045,20751044,bd527bf4-fcb9-11ef-8e2a-e7034f2d18cd,CKBGA756V5H9,MITCHELL MACHINE INCORPORATED,N0002416C2111,2019-01-07,0.199000
virginia,20949711,20949710,70abdfd8-fcba-11ef-8e2a-e7034f2d18cd,CN4DJZSKM3Y3,"PENNSYLVANIA MACHINE WORKS, INC.",N0002417C2100,2018-11-19,0.098489
virginia,20945970,20945969,6e7e3d1e-fcba-11ef-8e2a-e7034f2d18cd,CP8AJC3EDE93,"Alp Industries, Inc.",N0002417C2100,2018-04-13,0.007991
virginia,20751192,20751191,bd540d02-fcb9-11ef-8e2a-e7034f2d18cd,CSB6FUPJ5TC1,"TDS AUTOMATION, INC.",N0002416C2111,2018-09-27,0.069738
virginia,20751024,20751023,bd524210-fcb9-11ef-8e2a-e7034f2d18cd,CXQ7A9JSV3K5,"MEASUREMENT SYSTEMS, INC.",N0002416C2111,2018-07-26,0.450213
virginia,20751019,20751018,bd52332e-fcb9-11ef-8e2a-e7034f2d18cd,CXQ7A9JSV3K5,"MEASUREMENT SYSTEMS, INC.",N0002416C2111,2018-07-26,-0.229896
virginia,20948888,20948887,70a30714-fcba-11ef-8e2a-e7034f2d18cd,D7HNEN3DAN36,LEHIGH HEAVY FORGE CORPORATION,N0002417C2100,2017-09-11,0.103998
virginia,20693797,20693796,90bf3e92-fcb9-11ef-8e2a-e7034f2d18cd,DDQCLD6FEJJ6,"TOG MANUFACTURING COMPANY, INC.",N0002412C2115,2018-10-09,0.013886
virginia,20948233,20948232,6feaeeea-fcba-11ef-8e2a-e7034f2d18cd,DJG7NEG7QRK5,"HUNT VALVE COMPANY, INC.",N0002417C2100,2018-11-26,0.076240
virginia,20693228,20693227,8f7810c2-fcb9-11ef-8e2a-e7034f2d18cd,DJMMEPKGGNB3,"MEASUREMENT SPECIALTIES, INC.",N0002412C2115,2018-04-06,0.089400
virginia,20948554,20948553,6fee7f92-fcba-11ef-8e2a-e7034f2d18cd,DK14KTLXA9M5,"KME AMERICA MARINE TUBE & FITTING, LLC",N0002417C2100,2018-05-14,0.002800
virginia,20948610,20948609,6fef11be-fcba-11ef-8e2a-e7034f2d18cd,DK14KTLXA9M5,"KME AMERICA MARINE TUBE & FITTING, LLC",N0002417C2100,2019-01-02,0.041304
virginia,20693267,20693266,8f78b658-fcb9-11ef-8e2a-e7034f2d18cd,E2P8AAJA2LK5,"MICRO PRECISION, LLC",N0002412C2115,2018-01-02,0.032418
virginia,20693274,20693273,8f78ce4a-fcb9-11ef-8e2a-e7034f2d18cd,E2P8AAJA2LK5,"MICRO PRECISION, LLC",N0002412C2115,2018-09-07,0.044593
virginia,20693250,20693249,8f787ef4-fcb9-11ef-8e2a-e7034f2d18cd,E2P8AAJA2LK5,"MICRO PRECISION, LLC",N0002412C2115,2018-09-25,0.003750
virginia,20692484,20692483,8c232d44-fcb9-11ef-8e2a-e7034f2d18cd,E9B7STE3MUX9,"C.I.L. Electroplating, Inc.",N0002412C2115,2018-07-20,0.001731
virginia,20692254,20692253,8c20cde2-fcb9-11ef-8e2a-e7034f2d18cd,E9DKKLZNCQS9,AISH TECHNOLOGIES LTD,N0002412C2115,2018-01-19,-0.005541
virginia,20693615,20693614,8f7c9110-fcb9-11ef-8e2a-e7034f2d18cd,EARSLY8TTEC9,REDBUILT LLC,N0002412C2115,2018-10-25,0.043757
virginia,20693470,20693469,8f7aeb62-fcb9-11ef-8e2a-e7034f2d18cd,ERZRH1FL8R66,"PLAINVILLE PLATING COMPANY, INC.",N0002412C2115,2017-10-11,0.000710
virginia,20750988,20750987,bd51af8a-fcb9-11ef-8e2a-e7034f2d18cd,F1UZPBD1VBH9,"LYME COMPUTER SYSTEMS, INC.",N0002416C2111,2018-10-24,0.016098
virginia,20750999,20750998,bd51fb20-fcb9-11ef-8e2a-e7034f2d18cd,F1UZPBD1VBH9,"LYME COMPUTER SYSTEMS, INC.",N0002416C2111,2018-11-13,0.063560
virginia,20692697,20692696,8c25804e-fcb9-11ef-8e2a-e7034f2d18cd,F42BKS7EHCL8,EMS DEVELOPMENT CORPORATION,N0002412C2115,2018-10-31,0.296869
virginia,20693876,20693875,90c010c4-fcb9-11ef-8e2a-e7034f2d18cd,FJAVFFKN2LE3,"WATTEREDGE, INC.",N0002412C2115,2018-06-13,0.000558
virginia,20692486,20692485,8c23346a-fcb9-11ef-8e2a-e7034f2d18cd,FJMAMQK89ZB8,"CAMERON TECHNOLOGIES US, INC.",N0002412C2115,2018-09-20,0.003654
virginia,20750853,20750852,bd501d00-fcb9-11ef-8e2a-e7034f2d18cd,FLDEFFBLR5P3,"GLOBE COMPOSITE SOLUTIONS, LTD., LIMITED PARTNERSHIP",N0002416C2111,2018-02-14,0.014688
virginia,20750874,20750873,bd505432-fcb9-11ef-8e2a-e7034f2d18cd,FLDEFFBLR5P3,"GLOBE COMPOSITE SOLUTIONS, LTD., LIMITED PARTNERSHIP",N0002416C2111,2018-03-14,0.493313
virginia,20750867,20750866,bd504244-fcb9-11ef-8e2a-e7034f2d18cd,FLDEFFBLR5P3,"GLOBE COMPOSITE SOLUTIONS, LTD., LIMITED PARTNERSHIP",N0002416C2111,2018-03-14,0.134028
virginia,20750862,20750861,bd503448-fcb9-11ef-8e2a-e7034f2d18cd,FLDEFFBLR5P3,"GLOBE COMPOSITE SOLUTIONS, LTD., LIMITED PARTNERSHIP",N0002416C2111,2018-10-18,0.101262
virginia,20750848,20750847,bd500fc2-fcb9-11ef-8e2a-e7034f2d18cd,FLDEFFBLR5P3,"GLOBE COMPOSITE SOLUTIONS, LLC",N0002416C2111,2020-04-23,0.162009
virginia,20750848,20750846,bd500d56-fcb9-11ef-8e2a-e7034f2d18cd,FLDEFFBLR5P3,"GLOBE COMPOSITE SOLUTIONS, LLC",N0002416C2111,2020-04-23,0.162009
virginia,20945665,20945664,6dcdc998-fcba-11ef-8e2a-e7034f2d18cd,G319AMB56SW5,"901 D, LLC",N0002417C2100,2019-01-09,0.048500
virginia,20750496,20750495,bc9951e2-fcb9-11ef-8e2a-e7034f2d18cd,G319AMB56SW5,"901 D, LLC",N0002416C2111,2019-08-22,0.050000
virginia,20750496,20750494,bc994f62-fcb9-11ef-8e2a-e7034f2d18cd,G319AMB56SW5,"901 D, LLC",N0002416C2111,2019-08-22,0.050000
virginia,20751189,20751188,bd54049c-fcb9-11ef-8e2a-e7034f2d18cd,G44XUJLFP3A1,TANDEMLOC INC.,N0002416C2111,2019-01-21,0.033066
virginia,20693889,20693888,90c03392-fcb9-11ef-8e2a-e7034f2d18cd,GHJ6L9RLAR65,WILSON TOOL INTERNATIONAL INC.,N0002412C2115,2017-09-05,0.160660
virginia,20692431,20692430,8c22a068-fcb9-11ef-8e2a-e7034f2d18cd,GL8XT6HAWLK1,BHI ENERGY I POWER SERVICES LLC,N0002412C2115,2018-05-23,0.012742
virginia,20948922,20948921,70a36240-fcba-11ef-8e2a-e7034f2d18cd,GR2CKSBB4MB5,LENAPE FORGED PRODUCTS CORP.,N0002417C2100,2018-12-19,0.047460
virginia,20693010,20693009,8f74fd7e-fcb9-11ef-8e2a-e7034f2d18cd,GXK6HT9PN3P9,KAMATICS CORPORATION,N0002412C2115,2017-08-03,0.025200
virginia,20948513,20948512,6fee14bc-fcba-11ef-8e2a-e7034f2d18cd,GXK6HT9PN3P9,KAMATICS CORPORATION,N0002417C2100,2018-11-21,0.035040
virginia,20692872,20692871,8f736554-fcb9-11ef-8e2a-e7034f2d18cd,H33DK44BJZE1,HAWTHORNE MACHINERY CO.,N0002412C2115,2018-10-15,0.139800
virginia,20693143,20693142,8f76eed6-fcb9-11ef-8e2a-e7034f2d18cd,HK1VJ4NJ6QN7,LOVEJOY CURTIS LLC,N0002412C2115,2018-10-15,0.002144
virginia,20750952,20750951,bd514ec8-fcb9-11ef-8e2a-e7034f2d18cd,HLAKD5J1DDG3,"KLH INDUSTRIES, INC.",N0002416C2111,2019-01-31,0.042580
virginia,20693724,20693723,8f7dab04-fcb9-11ef-8e2a-e7034f2d18cd,HMCHY1Y3NCG9,SPECIALTY BAR PRODUCTS COMPANY,N0002412C2115,2017-12-18,0.023485
virginia,20751164,20751163,bd53c19e-fcb9-11ef-8e2a-e7034f2d18cd,HQYTCMF5RGE4,SHERBURN ELECTRONICS INC.,N0002416C2111,2018-11-02,0.039094
virginia,20751168,20751167,bd53cb58-fcb9-11ef-8e2a-e7034f2d18cd,HQYTCMF5RGE4,SHERBURN ELECTRONICS INC.,N0002416C2111,2018-11-08,0.076932
virginia,20692693,20692692,8c257662-fcb9-11ef-8e2a-e7034f2d18cd,HSV2N9ACRTJ6,EMERSON AUTOMATION SOLUTIONS FINAL CONTROL US LP,N0002412C2115,2018-11-07,0.032214
virginia,20692313,20692312,8c21695a-fcb9-11ef-8e2a-e7034f2d18cd,J3HWENQMNG69,"ARCADIA MANUFACTURING GROUP, INC.",N0002412C2115,2018-02-15,0.002475
virginia,20692860,20692859,8f7344e8-fcb9-11ef-8e2a-e7034f2d18cd,JC42EBJ5NFJ1,HAMILTON SUNDSTRAND CORPORATION,N0002412C2115,2016-11-07,0.026231
virginia,20949765,20949764,715fe21c-fcba-11ef-8e2a-e7034f2d18cd,JEP5GQGFPUL9,PORTLAND VALVE LLC,N0002417C2100,2018-11-02,0.003700
virginia,20949763,20949762,715fdccc-fcba-11ef-8e2a-e7034f2d18cd,JEP5GQGFPUL9,PORTLAND VALVE LLC,N0002417C2100,2018-11-02,0.003608
virginia,20948943,20948942,70a399f4-fcba-11ef-8e2a-e7034f2d18cd,JKN2Q1EHKF63,LEONHARDT COMPANY INC,N0002417C2100,2018-10-16,0.001492
virginia,20750571,20750570,bc9a3e18-fcb9-11ef-8e2a-e7034f2d18cd,JKPCAKFW8X93,AMERICAST TECHNOLOGIES INC,N0002416C2111,2018-06-15,-0.184579
virginia,20750571,20750569,bc9a3b66-fcb9-11ef-8e2a-e7034f2d18cd,JKPCAKFW8X93,AMERICAST TECHNOLOGIES INC,N0002416C2111,2018-06-15,-0.184579
virginia,20750731,20750730,bc9be876-fcb9-11ef-8e2a-e7034f2d18cd,JKZNKGGWYZ87,CURTISS-WRIGHT ELECTRO-MECHANICAL CORPORATION,N0002416C2111,2017-06-05,0.297642
virginia,20750661,20750660,bc9b2e18-fcb9-11ef-8e2a-e7034f2d18cd,JMFNDVNJ67A3,CM-MATRIX CORPORATION,N0002416C2111,2018-10-09,0.036730
virginia,20693299,20693298,8f792192-fcb9-11ef-8e2a-e7034f2d18cd,JU2ME5ZK8VL3,"MMC METROLOGY LAB, INC",N0002412C2115,2018-09-25,0.000400
virginia,20693310,20693309,8f794140-fcb9-11ef-8e2a-e7034f2d18cd,JU2ME5ZK8VL3,"MMC METROLOGY LAB, INC",N0002412C2115,2018-10-04,0.015400
virginia,20692655,20692654,8c2513f2-fcb9-11ef-8e2a-e7034f2d18cd,JU5GNH1H5FV6,DY4 INC.,N0002412C2115,2018-10-17,0.065000
virginia,20750788,20750787,bd4f6b80-fcb9-11ef-8e2a-e7034f2d18cd,JU5GNH1H5FV6,DY4 INC.,N0002416C2111,2019-02-19,0.046200
virginia,20692364,20692363,8c21f104-fcb9-11ef-8e2a-e7034f2d18cd,K3XPS1HXNBF3,"B & F MACHINE COMPANY, INC.",N0002412C2115,2018-10-15,0.019425
virginia,20692373,20692372,8c2208a6-fcb9-11ef-8e2a-e7034f2d18cd,K3XPS1HXNBF3,"B & F MACHINE COMPANY, INC.",N0002412C2115,2018-10-25,0.042207
virginia,20692385,20692384,8c2227e6-fcb9-11ef-8e2a-e7034f2d18cd,K3XPS1HXNBF3,"B & F MACHINE COMPANY, INC.",N0002412C2115,2018-11-21,0.081660
virginia,20946504,20946503,6e84b202-fcba-11ef-8e2a-e7034f2d18cd,K3XPS1HXNBF3,"B. & F. MACHINE CO., INC.",N0002417C2100,2019-01-21,0.148690
virginia,20692426,20692425,8c22935c-fcb9-11ef-8e2a-e7034f2d18cd,KDKVNQBN2Q53,"Barnhart Northeast, Inc.",N0002412C2115,2018-01-09,0.072280
virginia,20693324,20693323,8f796828-fcb9-11ef-8e2a-e7034f2d18cd,KDWVFE3K1TL3,MOOG INC.,N0002412C2115,2017-12-15,0.162628
virginia,20946646,20946645,6e863104-fcba-11ef-8e2a-e7034f2d18cd,KMDLJAJQ4UM1,"BRANTNER AND ASSOCIATES, INC.",N0002417C2100,2019-01-15,0.095641
virginia,20692990,20692989,8f74a496-fcb9-11ef-8e2a-e7034f2d18cd,KNEFNMWXBK39,JO-KELL INC.,N0002412C2115,2018-01-18,0.275100
virginia,20692981,20692980,8f748dda-fcb9-11ef-8e2a-e7034f2d18cd,KNEFNMWXBK39,JO-KELL INC.,N0002412C2115,2018-01-18,0.065940
virginia,20693801,20693800,90bf4914-fcb9-11ef-8e2a-e7034f2d18cd,KU8MSC4HELN8,"TRANSDIGM, INC.",N0002412C2115,2018-11-15,0.082500
virginia,20692731,20692730,8c25d7ec-fcb9-11ef-8e2a-e7034f2d18cd,KZGEJ29ND6K3,EVONIK CORPORATION,N0002412C2115,2017-11-30,1.204480
virginia,20692724,20692723,8c25c612-fcb9-11ef-8e2a-e7034f2d18cd,KZGEJ29ND6K3,EVONIK CORPORATION,N0002412C2115,2018-01-02,0.061538
virginia,20750810,20750809,bd4faac8-fcb9-11ef-8e2a-e7034f2d18cd,KZGEJ29ND6K3,EVONIK CORPORATION,N0002416C2111,2019-01-15,0.026564
virginia,20750816,20750815,bd4fbb1c-fcb9-11ef-8e2a-e7034f2d18cd,KZGEJ29ND6K3,EVONIK CORPORATION,N0002416C2111,2020-11-13,0.119713
virginia,20750816,20750814,bd4fb89c-fcb9-11ef-8e2a-e7034f2d18cd,KZGEJ29ND6K3,EVONIK CORPORATION,N0002416C2111,2020-11-13,0.119713
virginia,20948361,20948360,6fec5fbe-fcba-11ef-8e2a-e7034f2d18cd,LB1XJ5UY5961,IMO INDUSTRIES INC.,N0002417C2100,2017-05-31,0.248452
virginia,20751061,20751060,bd52a6c4-fcb9-11ef-8e2a-e7034f2d18cd,LCV2N9FVV739,NORTHROP GRUMMAN SYSTEMS CORPORATION,N0002416C2111,2017-04-13,-0.125083
virginia,20751061,20751059,bd52a458-fcb9-11ef-8e2a-e7034f2d18cd,LCV2N9FVV739,NORTHROP GRUMMAN SYSTEMS CORPORATION,N0002416C2111,2017-04-13,-0.125083
virginia,20750680,20750679,bc9b60c2-fcb9-11ef-8e2a-e7034f2d18cd,LFNVWPJYQKH4,COASTAL DESIGN LLC,N0002416C2111,2018-09-07,0.175000
virginia,20750674,20750673,bc9b50c8-fcb9-11ef-8e2a-e7034f2d18cd,LFNVWPJYQKH4,COASTAL DESIGN LLC,N0002416C2111,2018-09-07,0.050000
virginia,20750668,20750667,bc9b404c-fcb9-11ef-8e2a-e7034f2d18cd,LFNVWPJYQKH4,COASTAL DESIGN LLC,N0002416C2111,2019-02-22,0.033790
virginia,20692513,20692512,8c239ed2-fcb9-11ef-8e2a-e7034f2d18cd,LJRBXLTGXN57,"CEPEDA ASSOCIATES, INC.",N0002412C2115,2018-01-02,0.037500
virginia,20693132,20693131,8f76cb5e-fcb9-11ef-8e2a-e7034f2d18cd,LK9BTBWNLY96,LEVEL ONE FASTENERS,N0002412C2115,2018-01-24,0.032360
virginia,20751210,20751209,bd543bce-fcb9-11ef-8e2a-e7034f2d18cd,M5MVSHNR2BL1,THE SHERWIN-WILLIAMS COMPANY,N0002416C2111,2018-11-08,0.000480
virginia,20751208,20751207,bd5436d8-fcb9-11ef-8e2a-e7034f2d18cd,M5MVSHNR2BL1,THE SHERWIN-WILLIAMS COMPANY,N0002416C2111,2018-11-08,-0.009707
virginia,20946331,20946330,6e82c5fa-fcba-11ef-8e2a-e7034f2d18cd,MDH6KH9D4SG7,"ASCO POWER TECHNOLOGIES, L.P.",N0002417C2100,2018-12-17,0.150550
virginia,20750794,20750793,bd4f7cc4-fcb9-11ef-8e2a-e7034f2d18cd,MHR1KKAZ1NH5,"EDRO CORPORATION, THE",N0002416C2111,2018-09-11,0.052125
virginia,20693499,20693498,8f7b36e4-fcb9-11ef-8e2a-e7034f2d18cd,MK6AGEN4XM53,"POWERSTATION, LLC",N0002412C2115,2018-11-05,0.209006
virginia,20692193,20692192,8c2005b0-fcb9-11ef-8e2a-e7034f2d18cd,MMCKJNNMSG23,"ADVANCE MFG.CO., INC.",N0002412C2115,2016-07-05,0.002125
virginia,20692203,20692202,8c20218a-fcb9-11ef-8e2a-e7034f2d18cd,MMCKJNNMSG23,"ADVANCE MFG.CO., INC.",N0002412C2115,2018-09-25,0.034440
virginia,20692201,20692200,8c201c3a-fcb9-11ef-8e2a-e7034f2d18cd,MMCKJNNMSG23,"ADVANCE MFG.CO., INC.",N0002412C2115,2018-10-10,0.031914
virginia,20692208,20692207,8c202e96-fcb9-11ef-8e2a-e7034f2d18cd,MMCKJNNMSG23,"ADVANCE MFG.CO., INC.",N0002412C2115,2018-10-16,0.036887
virginia,20750526,20750525,bc99c712-fcb9-11ef-8e2a-e7034f2d18cd,MMCKJNNMSG23,"ADVANCE MFG.CO., INC.",N0002416C2111,2019-01-09,0.296900
virginia,20945704,20945703,6dce2ffa-fcba-11ef-8e2a-e7034f2d18cd,MME9X24LUXP1,"ACROMAG, INCORPORATED",N0002417C2100,2019-01-07,0.062734
virginia,20750613,20750612,bc9aafba-fcb9-11ef-8e2a-e7034f2d18cd,MYDWUALGXBL5,BIOMATED SOLUTIONS LLC,N0002416C2111,2018-11-08,0.049950
virginia,20693114,20693113,8f7691a2-fcb9-11ef-8e2a-e7034f2d18cd,MYKLJHTX3MM7,LEIDOS INNOVATIONS CORPORATION,N0002412C2115,2018-03-23,0.035547
virginia,20950557,20950556,7168c99a-fcba-11ef-8e2a-e7034f2d18cd,N1PJDANWUJ61,SCOT FORGE COMPANY,N0002417C2100,2017-09-13,0.552784
virginia,20950584,20950583,71690ebe-fcba-11ef-8e2a-e7034f2d18cd,N1PJDANWUJ61,SCOT FORGE COMPANY,N0002417C2100,2017-09-19,1.046992
virginia,20950417,20950416,71673d96-fcba-11ef-8e2a-e7034f2d18cd,N1PJDANWUJ61,SCOT FORGE COMPANY,N0002417C2100,2017-10-05,0.108968
virginia,20950568,20950567,7168e5ec-fcba-11ef-8e2a-e7034f2d18cd,N1PJDANWUJ61,SCOT FORGE COMPANY,N0002417C2100,2018-08-01,0.693584
virginia,20950412,20950411,7167309e-fcba-11ef-8e2a-e7034f2d18cd,N1PJDANWUJ61,SCOT FORGE COMPANY,N0002417C2100,2019-01-16,0.106864
virginia,20751055,20751054,bd5296e8-fcb9-11ef-8e2a-e7034f2d18cd,N5H9R8EN75V9,"MOTION INDUSTRIES, INC.",N0002416C2111,2018-11-09,0.028076
virginia,20692588,20692587,8c2464a2-fcb9-11ef-8e2a-e7034f2d18cd,N79NY6FRL2F3,CUSTOM ALLOY CORPORATION,N0002412C2115,2018-01-15,0.029376
virginia,20692591,20692590,8c246dd0-fcb9-11ef-8e2a-e7034f2d18cd,N79NY6FRL2F3,CUSTOM ALLOY CORPORATION,N0002412C2115,2018-01-24,0.044937
virginia,20692340,20692339,8c21b0e0-fcb9-11ef-8e2a-e7034f2d18cd,NGMSB6M2QKA4,"ASA ENVIRONMENTAL PRODUCTS, INC.",N0002412C2115,2018-01-10,0.045822
virginia,20750984,20750983,bd51a4c2-fcb9-11ef-8e2a-e7034f2d18cd,NMHFLDYJJ4C5,LOCKHEED MARTIN CORPORATION,N0002416C2111,2019-10-10,0.298035
virginia,20750984,20750982,bd51a256-fcb9-11ef-8e2a-e7034f2d18cd,NMHFLDYJJ4C5,LOCKHEED MARTIN CORPORATION,N0002416C2111,2019-10-10,0.298035
virginia,20693742,20693741,90bea3ba-fcb9-11ef-8e2a-e7034f2d18cd,NN4BTBUN58J5,"STRATUS TECHNOLOGIES, INC.",N0002412C2115,2018-11-16,0.067200
virginia,20947455,20947454,6f3e6e90-fcba-11ef-8e2a-e7034f2d18cd,NNNPMB5KA1V6,DENNEY PLASTICS MACHINING LLC,N0002417C2100,2018-07-16,0.000354
virginia,20693112,20693111,8f768874-fcb9-11ef-8e2a-e7034f2d18cd,NRCCMBKQ6FD7,LEIDOS INNOVATIONS CORPORATION,N0002412C2115,2017-09-05,0.027312
virginia,20693110,20693109,8f7681c6-fcb9-11ef-8e2a-e7034f2d18cd,NRCCMBKQ6FD7,LEIDOS INNOVATIONS CORPORATION,N0002412C2115,2017-12-13,0.021588
virginia,20693345,20693344,8f79a07c-fcb9-11ef-8e2a-e7034f2d18cd,NSEVFLRKSUV1,"NORTHLAND INDUSTRIAL TRUCK CO., INC.",N0002412C2115,2018-01-11,0.028280
virginia,20692818,20692817,8f72d242-fcb9-11ef-8e2a-e7034f2d18cd,NVPEBL51CSF8,"GUILL TOOL & ENGINEERING CO, INC.",N0002412C2115,2017-09-14,0.018230
virginia,20692834,20692833,8f72fed4-fcb9-11ef-8e2a-e7034f2d18cd,NVPEBL51CSF8,"GUILL TOOL & ENGINEERING CO, INC.",N0002412C2115,2017-12-15,0.040048
virginia,20692810,20692809,8f72bab4-fcb9-11ef-8e2a-e7034f2d18cd,NVPEBL51CSF8,"GUILL TOOL & ENGINEERING CO, INC.",N0002412C2115,2018-09-27,0.007910
virginia,20692824,20692823,8f72e2d2-fcb9-11ef-8e2a-e7034f2d18cd,NVPEBL51CSF8,"GUILL TOOL & ENGINEERING CO, INC.",N0002412C2115,2018-10-11,0.027173
virginia,20750736,20750735,bc9bf6ae-fcb9-11ef-8e2a-e7034f2d18cd,NXGLEN3CK1N6,"DATACON, INC.",N0002416C2111,2019-01-30,0.080678
virginia,20751201,20751200,bd5423e6-fcb9-11ef-8e2a-e7034f2d18cd,PAH8M4BJACA5,"TELEDYNE INSTRUMENTS, INC.",N0002416C2111,2018-11-07,0.107405
virginia,20950803,20950802,75cf6318-fcba-11ef-8e2a-e7034f2d18cd,PAH8M4BJACA5,TELEDYNE INSTRUMENTS INC,N0002417C2100,2022-10-13,0.033340
virginia,20751125,20751124,bd535416-fcb9-11ef-8e2a-e7034f2d18cd,PFRSFST9SSL1,RANTEC POWER SYSTEMS INC.,N0002416C2111,2016-09-21,0.124996
virginia,20692691,20692690,8c257130-fcb9-11ef-8e2a-e7034f2d18cd,PGWNKJF89FV5,ELMA ELECTRONIC INC.,N0002412C2115,2017-10-02,0.269406
virginia,20946517,20946516,6e84d4e4-fcba-11ef-8e2a-e7034f2d18cd,PJRYS7EFXQD9,"B.N.L. INDUSTRIES, INC.",N0002417C2100,2018-11-02,0.007896
virginia,20751179,20751178,bd53eaa2-fcb9-11ef-8e2a-e7034f2d18cd,PNHTDAAYRXL3,SPACECRAFT COMPONENTS CORP,N0002416C2111,2018-03-19,0.004000
virginia,20693073,20693072,8f760746-fcb9-11ef-8e2a-e7034f2d18cd,PTMFLMD2CUB4,"L3 TECHNOLOGIES, INC.",N0002412C2115,2017-12-01,0.027805
virginia,20692266,20692265,8c20ecfa-fcb9-11ef-8e2a-e7034f2d18cd,PUG1H9MFJD63,"AMERICAN TANK & FABRICATING CO, THE",N0002412C2115,2016-09-13,0.010000
virginia,20946036,20946035,6e7f19e6-fcba-11ef-8e2a-e7034f2d18cd,PUG1H9MFJD63,"AMERICAN TANK & FABRICATING CO, THE",N0002417C2100,2017-07-12,0.016105
virginia,20692471,20692470,8c230a94-fcb9-11ef-8e2a-e7034f2d18cd,QB7EKDNK2E83,"BRIERE, TIM",N0002412C2115,2018-01-24,0.026590
virginia,20951099,20951098,75d29344-fcba-11ef-8e2a-e7034f2d18cd,QEP4TKLKQDV3,"U.S. PIONEER, L.L.C.",N0002417C2100,2018-12-05,0.082114
virginia,20949971,20949970,71626618-fcba-11ef-8e2a-e7034f2d18cd,QF82VVEDYFC3,"PUROLATOR FACET, INC.",N0002417C2100,2018-11-13,0.168064
virginia,20751017,20751016,bd522e42-fcb9-11ef-8e2a-e7034f2d18cd,QJ8GDNZ7RMC5,MCMASTER-CARR SUPPLY COMPANY,N0002416C2111,2018-10-18,0.030000
virginia,20692952,20692951,8f743c68-fcb9-11ef-8e2a-e7034f2d18cd,QNEXJLA47BM4,"JAMESTOWN METAL MARINE SALES, INC.",N0002412C2115,2017-08-07,0.017328
virginia,20750536,20750535,bc99e1c0-fcb9-11ef-8e2a-e7034f2d18cd,QPFMBXNMQM85,"AEROTEK, INC.",N0002416C2111,2017-02-21,-0.048823
virginia,20750533,20750532,bc99d9b4-fcb9-11ef-8e2a-e7034f2d18cd,QPFMBXNMQM85,"AEROTEK, INC.",N0002416C2111,2017-03-27,-0.120952
virginia,20692248,20692247,8c20bcbc-fcb9-11ef-8e2a-e7034f2d18cd,QVJEVJHK3G31,"AGGREKO, LLC",N0002412C2115,2018-11-13,0.141586
virginia,20750548,20750547,bc9a0056-fcb9-11ef-8e2a-e7034f2d18cd,QVJEVJHK3G31,"AGGREKO, LLC",N0002416C2111,2019-07-02,0.003100
virginia,20750548,20750546,bc99fd72-fcb9-11ef-8e2a-e7034f2d18cd,QVJEVJHK3G31,"AGGREKO, LLC",N0002416C2111,2019-07-02,0.003100
virginia,20750552,20750551,bc9a0a4c-fcb9-11ef-8e2a-e7034f2d18cd,QVJEVJHK3G31,"AGGREKO, LLC",N0002416C2111,2021-03-24,0.007200
virginia,20750552,20750550,bc9a07ea-fcb9-11ef-8e2a-e7034f2d18cd,QVJEVJHK3G31,"AGGREKO, LLC",N0002416C2111,2021-03-24,0.007200
virginia,20750798,20750797,bd4f86ec-fcb9-11ef-8e2a-e7034f2d18cd,QVMBB4UCMEH4,"ELECTRO MECHANICAL SPECIALISTS, LLC",N0002416C2111,2020-04-29,0.025200
virginia,20750798,20750796,bd4f8462-fcb9-11ef-8e2a-e7034f2d18cd,QVMBB4UCMEH4,"ELECTRO MECHANICAL SPECIALISTS, LLC",N0002416C2111,2020-04-29,0.025200
virginia,20693810,20693809,90bf621e-fcb9-11ef-8e2a-e7034f2d18cd,QWM1XWLUFQM8,TRIDENT SYSTEMS INCORPORATED,N0002412C2115,2018-01-09,0.133592
virginia,20692422,20692421,8c22898e-fcb9-11ef-8e2a-e7034f2d18cd,RDM6SEMM2WB4,"BARDEN CORPORATION, THE",N0002412C2115,2017-03-03,0.080156
virginia,20693450,20693449,8f7ab3a4-fcb9-11ef-8e2a-e7034f2d18cd,RG8HFHKSV215,"PDS ENGINEERING & CONSTRUCTION, INC.",N0002412C2115,2018-11-07,0.069863
virginia,20946570,20946569,6e856288-fcba-11ef-8e2a-e7034f2d18cd,RYRLL49HWN65,BAKER SHEET METAL CORPORATION,N0002417C2100,2021-08-03,-0.016700
virginia,20693478,20693477,8f7b0124-fcb9-11ef-8e2a-e7034f2d18cd,SK3YCN3CHJD7,"PLASTIC DISTRIBUTORS & FABRICATORS, INC.",N0002412C2115,2017-03-27,0.014300
virginia,20693483,20693482,8f7b0e08-fcb9-11ef-8e2a-e7034f2d18cd,SK3YCN3CHJD7,"PLASTIC DISTRIBUTORS & FABRICATORS, INC.",N0002412C2115,2018-10-17,0.044750
virginia,20948476,20948475,6fed915e-fcba-11ef-8e2a-e7034f2d18cd,SLD5KEGGLLZ3,"JOHNSON CONTROLS NAVY SYSTEMS, LLC",N0002417C2100,2016-12-13,0.300000
virginia,20948480,20948479,6fed9b5e-fcba-11ef-8e2a-e7034f2d18cd,SLD5KEGGLLZ3,"JOHNSON CONTROLS NAVY SYSTEMS, LLC",N0002417C2100,2017-08-25,2.000000
virginia,20692993,20692992,8f74d11e-fcb9-11ef-8e2a-e7034f2d18cd,SLD5KEGGLLZ3,"JOHNSON CONTROLS NAVY SYSTEMS, LLC",N0002412C2115,2018-11-19,0.061738
virginia,20750643,20750642,bc9aff42-fcb9-11ef-8e2a-e7034f2d18cd,SS8JL7WNHPX9,"BURNS & MCDONNELL ENGINEERING COMPANY, INC.",N0002416C2111,2018-07-23,0.260000
virginia,20751231,20751230,bd5476b6-fcb9-11ef-8e2a-e7034f2d18cd,SX6BF52K2WB1,VACCO INDUSTRIES,N0002416C2111,2017-10-24,0.403065
virginia,20750682,20750681,bc9b65fe-fcb9-11ef-8e2a-e7034f2d18cd,TY25RCEB5FF3,"COLLINS & JEWELL COMPANY, INC.",N0002416C2111,2018-09-05,0.025080
virginia,20750691,20750690,bc9b7d32-fcb9-11ef-8e2a-e7034f2d18cd,TY25RCEB5FF3,"COLLINS & JEWELL COMPANY, INC.",N0002416C2111,2019-02-04,0.089039
virginia,20750701,20750700,bc9b97b8-fcb9-11ef-8e2a-e7034f2d18cd,TY25RCEB5FF3,"COLLINS & JEWELL COMPANY, INC.",N0002416C2111,2019-03-11,0.331338
virginia,20750701,20750699,bc9b9510-fcb9-11ef-8e2a-e7034f2d18cd,TY25RCEB5FF3,"COLLINS & JEWELL COMPANY, INC.",N0002416C2111,2019-03-11,0.331338
virginia,20750696,20750695,bc9b89f8-fcb9-11ef-8e2a-e7034f2d18cd,TY25RCEB5FF3,"COLLINS & JEWELL COMPANY, INC.",N0002416C2111,2020-04-22,0.157085
virginia,20750696,20750694,bc9b8782-fcb9-11ef-8e2a-e7034f2d18cd,TY25RCEB5FF3,"COLLINS & JEWELL COMPANY, INC.",N0002416C2111,2020-04-22,0.157085
virginia,20750689,20750688,bc9b7850-fcb9-11ef-8e2a-e7034f2d18cd,TY25RCEB5FF3,"COLLINS & JEWELL COMPANY, INC.",N0002416C2111,2020-04-28,0.075913
virginia,20750689,20750687,bc9b7576-fcb9-11ef-8e2a-e7034f2d18cd,TY25RCEB5FF3,"COLLINS & JEWELL COMPANY, INC.",N0002416C2111,2020-04-28,0.075913
virginia,20693453,20693452,8f7abbb0-fcb9-11ef-8e2a-e7034f2d18cd,TZVRTYNM3MN3,PEGASUS STEEL LLC,N0002412C2115,2018-08-14,0.001563
virginia,20750510,20750509,bc999c6a-fcb9-11ef-8e2a-e7034f2d18cd,U2PTLL8PXDE3,"ABLE MACHINE TOOL SALES, INC.",N0002416C2111,2018-10-29,0.547010
virginia,20693200,20693199,8f77b302-fcb9-11ef-8e2a-e7034f2d18cd,U43WP4FHDJY3,"MARINE ELECTRIC SYSTEMS, INC.",N0002412C2115,2018-01-05,0.037600
virginia,20949925,20949924,7161de82-fcba-11ef-8e2a-e7034f2d18cd,U5DDDFM4LJS3,"PRIME TECHNOLOGY, LLC",N0002417C2100,2019-01-04,0.034944
virginia,20692621,20692620,8c24bb0a-fcb9-11ef-8e2a-e7034f2d18cd,UN3TBWQUCQN4,DELTA-ELECTRO POWER INC.,N0002412C2115,2017-09-21,0.026200
virginia,20693185,20693184,8f777f2c-fcb9-11ef-8e2a-e7034f2d18cd,UR64LG5YKUE8,"LYNN LADDER AND SCAFFOLDING CO., INC.",N0002412C2115,2017-05-24,0.037500
virginia,20751009,20751008,bd5217ae-fcb9-11ef-8e2a-e7034f2d18cd,UXVTFYJT5PN7,"MARWAY POWER SYSTEMS, INC.",N0002416C2111,2019-01-15,0.074912
virginia,20693216,20693215,8f77eb24-fcb9-11ef-8e2a-e7034f2d18cd,UZMKDFWHKTC9,"MARO DISPLAY, INC.",N0002412C2115,2017-03-27,-0.015224
virginia,20751225,20751224,bd546590-fcb9-11ef-8e2a-e7034f2d18cd,V62NC51F7YV1,UNIVERSITY OF DAYTON,N0002416C2111,2018-10-29,0.100641
virginia,20750720,20750719,bc9bcc24-fcb9-11ef-8e2a-e7034f2d18cd,V73QNVKJWAJ9,CRYSTAL GROUP INC.,N0002416C2111,2019-02-18,0.026660
virginia,20692273,20692272,8c20ff7e-fcb9-11ef-8e2a-e7034f2d18cd,W3KUJLTCRLV1,AMMCON CORP.,N0002412C2115,2017-04-21,-0.000860
virginia,20692287,20692286,8c212526-fcb9-11ef-8e2a-e7034f2d18cd,W3KUJLTCRLV1,AMMCON CORP.,N0002412C2115,2018-09-28,0.147345
virginia,20950784,20950783,75cf31cc-fcba-11ef-8e2a-e7034f2d18cd,W7QMJRYTHHM4,"TECHSPEC, INC.",N0002417C2100,2019-01-02,0.219650
virginia,20750651,20750650,bc9b13ba-fcb9-11ef-8e2a-e7034f2d18cd,WAJ6RKYZTYL3,"C. & C. METALS ENGINEERING, INC.",N0002416C2111,2020-08-31,0.009612
virginia,20750651,20750649,bc9b1112-fcb9-11ef-8e2a-e7034f2d18cd,WAJ6RKYZTYL3,"C. & C. METALS ENGINEERING, INC.",N0002416C2111,2020-08-31,0.009612
virginia,20750648,20750647,bc9b0c3a-fcb9-11ef-8e2a-e7034f2d18cd,WAJ6RKYZTYL3,"C. & C. METALS ENGINEERING, INC.",N0002416C2111,2020-08-31,0.009612
virginia,20750648,20750646,bc9b09a6-fcb9-11ef-8e2a-e7034f2d18cd,WAJ6RKYZTYL3,"C. & C. METALS ENGINEERING, INC.",N0002416C2111,2020-08-31,0.009612
virginia,20693431,20693430,8f7a819a-fcb9-11ef-8e2a-e7034f2d18cd,WJ1XMJMTSYL9,"PAROSCIENTIFIC, INC.",N0002412C2115,2018-09-17,0.125584
virginia,20750920,20750919,bd50e528-fcb9-11ef-8e2a-e7034f2d18cd,WMXDDH6HJNA5,HUNTINGTON INGALLS INC,N0002416C2111,2021-12-03,3.000000
virginia,20693522,20693521,8f7b9b0c-fcb9-11ef-8e2a-e7034f2d18cd,WN3KS9Z5JLK9,"PRECISION MACHINE & GEAR, INC.",N0002412C2115,2018-08-24,-0.005790
virginia,20693532,20693531,8f7bb4f2-fcb9-11ef-8e2a-e7034f2d18cd,WN3KS9Z5JLK9,"PRECISION MACHINE & GEAR, INC.",N0002412C2115,2018-10-17,0.029409
virginia,20750958,20750957,bd515f1c-fcb9-11ef-8e2a-e7034f2d18cd,WPP2ABN6UCF5,"L3 TECHNOLOGIES, INC.",N0002416C2111,2018-07-02,-1.853828
virginia,20750958,20750956,bd515ca6-fcb9-11ef-8e2a-e7034f2d18cd,WPP2ABN6UCF5,"L3 TECHNOLOGIES, INC.",N0002416C2111,2018-07-02,-1.853828
virginia,20692457,20692456,8c22e5be-fcb9-11ef-8e2a-e7034f2d18cd,WQ8LDD3N2K24,BRADDOCK HEAT TREATING COMPANY INC,N0002412C2115,2018-04-30,0.003032
virginia,20692455,20692454,8c22e0b4-fcb9-11ef-8e2a-e7034f2d18cd,WQ8LDD3N2K24,BRADDOCK HEAT TREATING COMPANY INC,N0002412C2115,2018-09-04,0.002025
virginia,20751089,20751088,bd52f322-fcb9-11ef-8e2a-e7034f2d18cd,WREEAHYMRQ45,"PCB PIEZOTRONICS, INC.",N0002416C2111,2019-01-09,0.560889
virginia,20947118,20947117,6f3aafd0-fcba-11ef-8e2a-e7034f2d18cd,WYDAKCJ5K219,CURTISS-WRIGHT ELECTRO-MECHANICAL CORPORATION,N0002417C2100,2016-12-09,1.867488
virginia,20947109,20947108,6f3a963a-fcba-11ef-8e2a-e7034f2d18cd,WYDAKCJ5K219,CURTISS-WRIGHT ELECTRO-MECHANICAL CORPORATION,N0002417C2100,2016-12-09,1.078486
virginia,20947133,20947132,6f3ad780-fcba-11ef-8e2a-e7034f2d18cd,WYDAKCJ5K219,CURTISS-WRIGHT ELECTRO-MECHANICAL CORPORATION,N0002417C2100,2017-06-05,2.948000
virginia,20947095,20947094,6f3a7218-fcba-11ef-8e2a-e7034f2d18cd,WYDAKCJ5K219,CURTISS-WRIGHT ELECTRO-MECHANICAL CORPORATION,N0002417C2100,2017-06-05,0.699000
virginia,20947090,20947089,6f3a6598-fcba-11ef-8e2a-e7034f2d18cd,WYDAKCJ5K219,CURTISS-WRIGHT ELECTRO-MECHANICAL CORPORATION,N0002417C2100,2017-06-05,0.663000
virginia,20750723,20750722,bc9bd3e0-fcb9-11ef-8e2a-e7034f2d18cd,WYDAKCJ5K219,CURTISS-WRIGHT ELECTRO-MECHANICAL CORPORATION,N0002416C2111,2019-01-11,0.030000
virginia,20692502,20692501,8c235e86-fcb9-11ef-8e2a-e7034f2d18cd,X25CWCMUL417,"CARLLO, INC.",N0002412C2115,2018-10-16,0.140000
virginia,20750529,20750528,bc99cf78-fcb9-11ef-8e2a-e7034f2d18cd,XAABQKXTNJ16,ADVANTAGE ENGINEERING INC,N0002416C2111,2019-02-22,0.027420
virginia,20693658,20693657,8f7cff24-fcb9-11ef-8e2a-e7034f2d18cd,XDBJX5QWAM86,"SAI SYSTEMS INTERNATIONAL, INC.",N0002412C2115,2018-01-24,0.073325
virginia,20693642,20693641,8f7cd6ac-fcb9-11ef-8e2a-e7034f2d18cd,XP9YLL3TNCB9,"S & S FOREST PRODUCTS, LLC",N0002412C2115,2018-06-01,0.039204
virginia,20693859,20693858,90bfe342-fcb9-11ef-8e2a-e7034f2d18cd,XQW8RJNNAXX8,"W INTERNATIONAL, LLC",N0002412C2115,2018-01-17,0.058161
virginia,20751241,20751240,bd5492ea-fcb9-11ef-8e2a-e7034f2d18cd,XQW8RJNNAXX8,"W INTERNATIONAL, LLC",N0002416C2111,2018-09-17,0.040896
virginia,20751244,20751243,bd549a56-fcb9-11ef-8e2a-e7034f2d18cd,XQW8RJNNAXX8,"W INTERNATIONAL, LLC",N0002416C2111,2018-11-19,0.071533
virginia,20692302,20692301,8c214cea-fcb9-11ef-8e2a-e7034f2d18cd,YA7EN5YYJYS8,"APOLLO PROFESSIONAL SOLUTIONS, INC.",N0002412C2115,2017-02-22,0.000734
virginia,20692309,20692308,8c215f64-fcb9-11ef-8e2a-e7034f2d18cd,YA7EN5YYJYS8,"APOLLO PROFESSIONAL SOLUTIONS, INC.",N0002412C2115,2017-02-28,0.090000
virginia,20693893,20693892,90c03e3c-fcb9-11ef-8e2a-e7034f2d18cd,YKMMCNDT9KF8,"YANKEE REMODELER OF NEW LONDON, INC.",N0002412C2115,2018-11-05,0.073253
virginia,20692795,20692794,8f729232-fcb9-11ef-8e2a-e7034f2d18cd,YVBHN7GKLQ44,"GLENAIR, INC.",N0002412C2115,2017-11-14,0.078217
virginia,20693504,20693503,8f7b68f8-fcb9-11ef-8e2a-e7034f2d18cd,YWX1QLBKSQD7,"PRC - DESOTO INTERNATIONAL, INC.",N0002412C2115,2018-01-03,0.048290
virginia,20751102,20751101,bd5316d6-fcb9-11ef-8e2a-e7034f2d18cd,YWX1QLBKSQD7,"PRC - DESOTO INTERNATIONAL, INC.",N0002416C2111,2020-09-18,0.026660
virginia,20751102,20751100,bd53144c-fcb9-11ef-8e2a-e7034f2d18cd,YWX1QLBKSQD7,"PRC - DESOTO INTERNATIONAL, INC.",N0002416C2111,2020-09-18,0.026660
virginia,20948444,20948443,6fed3da8-fcba-11ef-8e2a-e7034f2d18cd,Z3KHMUV8E999,"JAN ELECTRONIC SUPPLIES, INC.",N0002417C2100,2018-12-19,0.001940
virginia,20693833,20693832,90bf9ec8-fcb9-11ef-8e2a-e7034f2d18cd,ZBAJWJYVWC49,"UNITED BUILDERS SUPPLY CO., INCORPORATED",N0002412C2115,2018-10-18,0.009542
virginia,20948146,20948145,6fea08ae-fcba-11ef-8e2a-e7034f2d18cd,ZFQBUPK552C3,"H. R. HILLERY COMPANY, THE",N0002417C2100,2019-01-22,0.059442
virginia,20692738,20692737,8f71efa8-fcb9-11ef-8e2a-e7034f2d18cd,ZPZMCRH2JSA3,"EZEFLOW USA, INC.",N0002412C2115,2017-12-04,0.089883
columbia,20955937,20955936,a4838b08-fcba-11ef-8e2a-e7034f2d18cd,C3L9A8H3TWG5,"AERO NAV LABORATORIES, INC.",N0002417C2117,2017-12-18,0.191930
columbia,20958730,20958729,a627db94-fcba-11ef-8e2a-e7034f2d18cd,HUK5MJK4MH39,"LESLIE CONTROLS, INC.",N0002417C2117,2017-11-07,0.029966
columbia,20959069,20959068,a6f0fcd6-fcba-11ef-8e2a-e7034f2d18cd,JU2ME5ZK8VL3,"MMC METROLOGY LAB, INC",N0002417C2117,2017-12-15,0.039200
columbia,20959371,20959370,a6f42f1e-fcba-11ef-8e2a-e7034f2d18cd,LFN2ND9H69T1,PARASOFT CORPORATION,N0002417C2117,2017-12-06,0.040590
columbia,20956625,20956624,a48b7142-fcba-11ef-8e2a-e7034f2d18cd,LJRBXLTGXN57,"CEPEDA ASSOCIATES, INC.",N0002417C2117,2021-08-19,0.500000
columbia,20960077,20960076,a7bf4500-fcba-11ef-8e2a-e7034f2d18cd,N1PJDANWUJ61,SCOT FORGE COMPANY,N0002417C2117,2017-12-07,0.030639
columbia,20956302,20956301,a487f396-fcba-11ef-8e2a-e7034f2d18cd,PJRYS7EFXQD9,"B.N.L. INDUSTRIES, INC.",N0002417C2117,2017-12-19,0.028354
columbia,20958903,20958902,a6ef1c7c-fcba-11ef-8e2a-e7034f2d18cd,Q35JL9GFCAK3,"MAROTTA CONTROLS, INC.",N0002417C2117,2017-05-25,1.392327
columbia,20956183,20956182,a4863bd2-fcba-11ef-8e2a-e7034f2d18cd,RK6GKSXPC8W7,ARNOLD MAGNETICS CORPORATION,N0002417C2117,2017-10-04,0.165340
columbia,20957480,20957479,a55702e4-fcba-11ef-8e2a-e7034f2d18cd,UPAPN5VL4KR9,EATON AEROSPACE LLC,N0002417C2117,2017-07-31,0.229854
columbia,20959176,20959175,a6f212c4-fcba-11ef-8e2a-e7034f2d18cd,Y5R2L8HWAUA8,"NAVUS AUTOMATION, INC",N0002417C2117,2017-12-18,0.063555
columbia,20958015,20958014,a61fe4de-fcba-11ef-8e2a-e7034f2d18cd,ZFQBUPK552C3,"H. R. HILLERY COMPANY, THE",N0002417C2117,2017-12-15,0.295672
