Program,Federal FY,Subawardee UEI,Distinct Subaward Numbers,Subawardee Vendor Name,Parent Key,Capability Domain (D),Primary Output (P),Net Subaward $M,Positive Supplier $M,Reports,Prior-Year Active,Earlier-Year Active,Activity Status,Active FYs
DDG,2022,C18KXNHETC95,1,,,,,,,,,,,
DDG,2024,C18KXNHETC95,1,,,,,,,,,,,
DDG,2016,C1B6X8AADFB1,4,,,,,,,,,,,
DDG,2018,C1B6X8AADFB1,1,,,,,,,,,,,
DDG,2019,C1B6X8AADFB1,1,,,,,,,,,,,
DDG,2020,C1B6X8AADFB1,1,,,,,,,,,,,
DDG,2021,C1B6X8AADFB1,2,,,,,,,,,,,
DDG,2022,C1B6X8AADFB1,2,,,,,,,,,,,
DDG,2023,C1B6X8AADFB1,1,,,,,,,,,,,
DDG,2025,C1B6X8AADFB1,3,,,,,,,,,,,
DDG,2023,C1NAJQ34VWM5,1,,,,,,,,,,,
DDG,2025,C1NAJQ34VWM5,4,,,,,,,,,,,
DDG,2024,C4C1WKKFJ8H5,1,,,,,,,,,,,
DDG,2025,C4C1WKKFJ8H5,5,,,,,,,,,,,
DDG,2026,C4C1WKKFJ8H5,1,,,,,,,,,,,
DDG,2013,C6C8KS7Y1K76,1,,,,,,,,,,,
DDG,2014,C6C8KS7Y1K76,1,,,,,,,,,,,
DDG,2015,C6C8KS7Y1K76,2,,,,,,,,,,,
DDG,2016,C6C8KS7Y1K76,3,,,,,,,,,,,
DDG,2017,C6C8KS7Y1K76,5,,,,,,,,,,,
DDG,2018,C6C8KS7Y1K76,2,,,,,,,,,,,
DDG,2019,C6C8KS7Y1K76,3,,,,,,,,,,,
DDG,2020,C6C8KS7Y1K76,2,,,,,,,,,,,
DDG,2021,C6C8KS7Y1K76,3,,,,,,,,,,,
DDG,2023,C6C8KS7Y1K76,3,,,,,,,,,,,
DDG,2021,C7QHHMJEALN1,1,,,,,,,,,,,
DDG,2022,C7QHHMJEALN1,1,,,,,,,,,,,
DDG,2023,C7QXDAE2EUN1,1,,,,,,,,,,,
DDG,2017,C7RWMXEE6SD3,1,,,,,,,,,,,
DDG,2015,CAKCE9S4WL78,1,,,,,,,,,,,
DDG,2016,CAKCE9S4WL78,2,,,,,,,,,,,
DDG,2017,CAKCE9S4WL78,3,,,,,,,,,,,
DDG,2018,CAKCE9S4WL78,1,,,,,,,,,,,
DDG,2019,CAKCE9S4WL78,2,,,,,,,,,,,
DDG,2020,CAKCE9S4WL78,3,,,,,,,,,,,
DDG,2021,CAKCE9S4WL78,5,,,,,,,,,,,
DDG,2022,CAKCE9S4WL78,1,,,,,,,,,,,
DDG,2023,CAKCE9S4WL78,7,,,,,,,,,,,
DDG,2024,CAKCE9S4WL78,2,,,,,,,,,,,
DDG,2026,CAKCE9S4WL78,1,,,,,,,,,,,
DDG,2018,CBMZJ3Z5SC89,1,,,,,,,,,,,
DDG,2021,CBMZJ3Z5SC89,3,,,,,,,,,,,
DDG,2022,CBMZJ3Z5SC89,1,,,,,,,,,,,
DDG,2023,CBMZJ3Z5SC89,7,,,,,,,,,,,
DDG,2024,CBMZJ3Z5SC89,1,,,,,,,,,,,
DDG,2025,CBMZJ3Z5SC89,5,,,,,,,,,,,
DDG,2026,CBMZJ3Z5SC89,2,,,,,,,,,,,
DDG,2016,CFXRGJSB9UB6,2,,,,,,,,,,,
DDG,2017,CFXRGJSB9UB6,1,,,,,,,,,,,
DDG,2018,CFXRGJSB9UB6,3,,,,,,,,,,,
DDG,2019,CFXRGJSB9UB6,7,,,,,,,,,,,
DDG,2021,CFXRGJSB9UB6,1,,,,,,,,,,,
DDG,2016,CJ8CQLEM2RW3,1,,,,,,,,,,,
DDG,2017,CJ8CQLEM2RW3,1,,,,,,,,,,,
DDG,2018,CJ8CQLEM2RW3,1,,,,,,,,,,,
DDG,2019,CJ8CQLEM2RW3,1,,,,,,,,,,,
DDG,2021,CJ8CQLEM2RW3,1,,,,,,,,,,,
DDG,2025,CJ8CQLEM2RW3,1,,,,,,,,,,,
DDG,2014,CJF6S4UR1LM8,3,,,,,,,,,,,
DDG,2015,CJF6S4UR1LM8,2,,,,,,,,,,,
DDG,2017,CJF6S4UR1LM8,1,,,,,,,,,,,
DDG,2018,CJF6S4UR1LM8,1,,,,,,,,,,,
DDG,2019,CJF6S4UR1LM8,3,,,,,,,,,,,
DDG,2020,CJF6S4UR1LM8,2,,,,,,,,,,,
DDG,2021,CJF6S4UR1LM8,1,,,,,,,,,,,
DDG,2016,CQQUMMDARBG3,2,,,,,,,,,,,
DDG,2017,CQQUMMDARBG3,1,,,,,,,,,,,
DDG,2022,CQQUMMDARBG3,1,,,,,,,,,,,
DDG,2023,CR99X5Q2KQS1,2,,,,,,,,,,,
DDG,2016,CVMQHCRDBVT7,1,,,,,,,,,,,
DDG,2017,CVMQHCRDBVT7,1,,,,,,,,,,,
DDG,2013,CW48SQ7KJX68,1,,,,,,,,,,,
DDG,2024,CWM4UN76ZQW8,1,,,,,,,,,,,
DDG,2025,CWM4UN76ZQW8,2,,,,,,,,,,,
DDG,2013,CXZ9PUEZ5SQ7,1,,,,,,,,,,,
DDG,2014,CXZ9PUEZ5SQ7,2,,,,,,,,,,,
DDG,2015,CXZ9PUEZ5SQ7,2,,,,,,,,,,,
DDG,2016,CXZ9PUEZ5SQ7,2,,,,,,,,,,,
DDG,2026,CXZ9PUEZ5SQ7,1,,,,,,,,,,,
DDG,2016,CYJ3L6SQANB4,2,,,,,,,,,,,
DDG,2017,CYJ3L6SQANB4,1,,,,,,,,,,,
DDG,2018,CYJ3L6SQANB4,1,,,,,,,,,,,
DDG,2023,CZKYJKB7H9J7,1,,,,,,,,,,,
DDG,2013,D28HQ4AA2ZL8,1,,,,,,,,,,,
DDG,2014,D28HQ4AA2ZL8,1,,,,,,,,,,,
DDG,2015,D28HQ4AA2ZL8,2,,,,,,,,,,,
DDG,2016,D28HQ4AA2ZL8,1,,,,,,,,,,,
DDG,2013,D2J1SSHB5EB7,3,,,,,,,,,,,
DDG,2014,D2J1SSHB5EB7,1,,,,,,,,,,,
DDG,2015,D2J1SSHB5EB7,6,,,,,,,,,,,
DDG,2016,D2J1SSHB5EB7,2,,,,,,,,,,,
DDG,2018,D2J1SSHB5EB7,1,,,,,,,,,,,
DDG,2019,D2J1SSHB5EB7,3,,,,,,,,,,,
DDG,2020,D2J1SSHB5EB7,1,,,,,,,,,,,
DDG,2021,D2J1SSHB5EB7,1,,,,,,,,,,,
DDG,2023,D2J1SSHB5EB7,10,,,,,,,,,,,
DDG,2024,D2J1SSHB5EB7,3,,,,,,,,,,,
DDG,2025,D2J1SSHB5EB7,4,,,,,,,,,,,
DDG,2026,D2J1SSHB5EB7,2,,,,,,,,,,,
DDG,2023,D3QEMKB2X4N5,1,,,,,,,,,,,
DDG,2025,D3QEMKB2X4N5,1,,,,,,,,,,,
DDG,2013,D44RA79E3K57,2,,,,,,,,,,,
DDG,2014,D44RA79E3K57,4,,,,,,,,,,,
DDG,2015,D44RA79E3K57,2,,,,,,,,,,,
DDG,2016,D44RA79E3K57,8,,,,,,,,,,,
DDG,2017,D44RA79E3K57,8,,,,,,,,,,,
DDG,2018,D44RA79E3K57,2,,,,,,,,,,,
DDG,2022,D44RA79E3K57,1,,,,,,,,,,,
DDG,2023,D44RA79E3K57,14,,,,,,,,,,,
DDG,2024,D44RA79E3K57,3,,,,,,,,,,,
DDG,2025,D44RA79E3K57,8,,,,,,,,,,,
DDG,2023,D9T3VK42BLV7,3,,,,,,,,,,,
DDG,2025,D9T3VK42BLV7,1,,,,,,,,,,,
DDG,2025,DA2CMNNJWSZ4,1,,,,,,,,,,,
DDG,2025,DBQGN324ULK3,1,,,,,,,,,,,
DDG,2013,DJG7NEG7QRK5,3,,,,,,,,,,,
DDG,2014,DJG7NEG7QRK5,3,,,,,,,,,,,
DDG,2015,DJG7NEG7QRK5,2,,,,,,,,,,,
DDG,2016,DJG7NEG7QRK5,3,,,,,,,,,,,
DDG,2017,DJG7NEG7QRK5,2,,,,,,,,,,,
DDG,2019,DJG7NEG7QRK5,1,,,,,,,,,,,
DDG,2020,DJG7NEG7QRK5,1,,,,,,,,,,,
DDG,2022,DJG7NEG7QRK5,1,,,,,,,,,,,
DDG,2020,DKJ1R5ABCN48,6,,,,,,,,,,,
DDG,2021,DKJ1R5ABCN48,1,,,,,,,,,,,
DDG,2022,DLRDDPVKLLA1,1,,,,,,,,,,,
DDG,2023,DLRDDPVKLLA1,1,,,,,,,,,,,
DDG,2024,DLRDDPVKLLA1,1,,,,,,,,,,,
DDG,2025,DLRDDPVKLLA1,1,,,,,,,,,,,
DDG,2015,DQ35GXAUTW61,1,,,,,,,,,,,
DDG,2016,DQ35GXAUTW61,9,,,,,,,,,,,
DDG,2017,DQ35GXAUTW61,2,,,,,,,,,,,
DDG,2021,DQ35GXAUTW61,7,,,,,,,,,,,
DDG,2022,DQ35GXAUTW61,4,,,,,,,,,,,
DDG,2023,DQ35GXAUTW61,10,,,,,,,,,,,
DDG,2025,DQ35GXAUTW61,3,,,,,,,,,,,
DDG,2026,DQ35GXAUTW61,5,,,,,,,,,,,
DDG,2023,DQAYCKTDLND5,1,,,,,,,,,,,
DDG,2013,DQLZFV6PFCB9,2,,,,,,,,,,,
DDG,2014,DQLZFV6PFCB9,2,,,,,,,,,,,
DDG,2015,DQLZFV6PFCB9,2,,,,,,,,,,,
DDG,2016,DQLZFV6PFCB9,1,,,,,,,,,,,
DDG,2017,DQLZFV6PFCB9,1,,,,,,,,,,,
DDG,2019,DQLZFV6PFCB9,1,,,,,,,,,,,
DDG,2020,DQLZFV6PFCB9,2,,,,,,,,,,,
DDG,2021,DQLZFV6PFCB9,3,,,,,,,,,,,
DDG,2022,DQLZFV6PFCB9,1,,,,,,,,,,,
DDG,2023,DQLZFV6PFCB9,2,,,,,,,,,,,
DDG,2025,DQLZFV6PFCB9,3,,,,,,,,,,,
DDG,2023,DSVCC3S92J21,2,,,,,,,,,,,
DDG,2014,DV6YQV71ME11,2,,,,,,,,,,,
DDG,2015,DV6YQV71ME11,4,,,,,,,,,,,
DDG,2016,DV6YQV71ME11,4,,,,,,,,,,,
DDG,2017,DV6YQV71ME11,4,,,,,,,,,,,
DDG,2019,DV6YQV71ME11,1,,,,,,,,,,,
DDG,2020,DV6YQV71ME11,4,,,,,,,,,,,
DDG,2021,DV6YQV71ME11,3,,,,,,,,,,,
DDG,2022,DV6YQV71ME11,3,,,,,,,,,,,
DDG,2017,DW33W8L3N1P8,3,,,,,,,,,,,
DDG,2018,DW33W8L3N1P8,1,,,,,,,,,,,
DDG,2019,DW33W8L3N1P8,1,,,,,,,,,,,
DDG,2021,DW33W8L3N1P8,3,,,,,,,,,,,
DDG,2022,DW33W8L3N1P8,1,,,,,,,,,,,
DDG,2013,DWUHNL9BC3U7,4,,,,,,,,,,,
DDG,2014,DWUHNL9BC3U7,4,,,,,,,,,,,
DDG,2015,DWUHNL9BC3U7,4,,,,,,,,,,,
DDG,2016,DWUHNL9BC3U7,4,,,,,,,,,,,
DDG,2017,DWUHNL9BC3U7,5,,,,,,,,,,,
DDG,2019,DWUHNL9BC3U7,6,,,,,,,,,,,
DDG,2020,DWUHNL9BC3U7,7,,,,,,,,,,,
DDG,2021,DWUHNL9BC3U7,2,,,,,,,,,,,
DDG,2024,DY2JXQ22MA14,1,,,,,,,,,,,
DDG,2013,DYJZZ9DANLM3,1,,,,,,,,,,,
DDG,2014,DYJZZ9DANLM3,2,,,,,,,,,,,
DDG,2015,DYJZZ9DANLM3,2,,,,,,,,,,,
DDG,2022,DZTKCR7BXVJ5,1,,,,,,,,,,,
DDG,2013,E383LRP25MY6,1,,,,,,,,,,,
DDG,2014,E383LRP25MY6,1,,,,,,,,,,,
DDG,2016,E383LRP25MY6,2,,,,,,,,,,,
DDG,2018,E383LRP25MY6,1,,,,,,,,,,,
DDG,2021,E383LRP25MY6,1,,,,,,,,,,,
DDG,2013,E3YNKWRANZ18,3,,,,,,,,,,,
DDG,2014,E3YNKWRANZ18,1,,,,,,,,,,,
DDG,2015,E3YNKWRANZ18,1,,,,,,,,,,,
DDG,2021,E3YNKWRANZ18,1,,,,,,,,,,,
DDG,2024,E3YNKWRANZ18,7,,,,,,,,,,,
DDG,2026,E5NZAXG4MNB7,3,,,,,,,,,,,
DDG,2023,E6ACL8BWKN47,1,,,,,,,,,,,
DDG,2022,E83TNKA9JCY6,1,,,,,,,,,,,
DDG,2023,E83TNKA9JCY6,3,,,,,,,,,,,
DDG,2021,EANJVKFHMSZ8,3,,,,,,,,,,,
DDG,2023,EANJVKFHMSZ8,1,,,,,,,,,,,
DDG,2024,EANJVKFHMSZ8,2,,,,,,,,,,,
DDG,2023,ED16VKVTCHC8,1,,,,,,,,,,,
DDG,2022,EDJPMQN1HSJ1,1,,,,,,,,,,,
DDG,2024,EDJPMQN1HSJ1,1,,,,,,,,,,,
DDG,2025,EDJPMQN1HSJ1,1,,,,,,,,,,,
DDG,2015,EDNNTCM7SUS8,1,,,,,,,,,,,
DDG,2024,EDNNTCM7SUS8,7,,,,,,,,,,,
DDG,2025,EDNNTCM7SUS8,13,,,,,,,,,,,
DDG,2026,EDNNTCM7SUS8,5,,,,,,,,,,,
DDG,2015,EEE8FHKK1YR9,1,,,,,,,,,,,
DDG,2020,EEJPJ342F3P1,3,,,,,,,,,,,
DDG,2021,EEJPJ342F3P1,1,,,,,,,,,,,
DDG,2022,EEJPJ342F3P1,1,,,,,,,,,,,
DDG,2023,EEJPJ342F3P1,2,,,,,,,,,,,
DDG,2026,EJ1DW3A8BFM8,1,,,,,,,,,,,
DDG,2024,EJ8LYVPT4KR9,1,,,,,,,,,,,
DDG,2025,EJ8LYVPT4KR9,2,,,,,,,,,,,
DDG,2026,EJ8LYVPT4KR9,1,,,,,,,,,,,
DDG,2013,ELC5EVMWFVM8,6,,,,,,,,,,,
DDG,2014,ELC5EVMWFVM8,6,,,,,,,,,,,
DDG,2015,ELC5EVMWFVM8,6,,,,,,,,,,,
DDG,2016,ELC5EVMWFVM8,4,,,,,,,,,,,
DDG,2017,ELC5EVMWFVM8,3,,,,,,,,,,,
DDG,2018,ELC5EVMWFVM8,2,,,,,,,,,,,
DDG,2019,ELC5EVMWFVM8,22,,,,,,,,,,,
DDG,2020,ELC5EVMWFVM8,8,,,,,,,,,,,
DDG,2021,ELC5EVMWFVM8,2,,,,,,,,,,,
DDG,2022,ENNXJDZUYCK3,1,,,,,,,,,,,
DDG,2023,EPK7A98BB4B6,2,,,,,,,,,,,
DDG,2024,EQ2TN2GMDFT5,1,,,,,,,,,,,
DDG,2022,ERR4X5JLJWV5,1,,,,,,,,,,,
DDG,2013,EV4ZGUNNKMJ6,1,,,,,,,,,,,
DDG,2014,EV4ZGUNNKMJ6,3,,,,,,,,,,,
DDG,2015,EV4ZGUNNKMJ6,9,,,,,,,,,,,
DDG,2016,EV4ZGUNNKMJ6,4,,,,,,,,,,,
DDG,2017,EV4ZGUNNKMJ6,1,,,,,,,,,,,
DDG,2018,EV4ZGUNNKMJ6,8,,,,,,,,,,,
DDG,2019,EV4ZGUNNKMJ6,8,,,,,,,,,,,
DDG,2020,EV4ZGUNNKMJ6,4,,,,,,,,,,,
DDG,2021,EV4ZGUNNKMJ6,1,,,,,,,,,,,
DDG,2022,EV4ZGUNNKMJ6,2,,,,,,,,,,,
DDG,2023,EV4ZGUNNKMJ6,4,,,,,,,,,,,
DDG,2024,EV4ZGUNNKMJ6,10,,,,,,,,,,,
DDG,2022,EVZMB1757DW5,1,,,,,,,,,,,
DDG,2013,EZVMH8VEGL34,1,,,,,,,,,,,
DDG,2014,EZVMH8VEGL34,1,,,,,,,,,,,
DDG,2015,EZVMH8VEGL34,1,,,,,,,,,,,
DDG,2016,EZVMH8VEGL34,1,,,,,,,,,,,
DDG,2017,EZVMH8VEGL34,1,,,,,,,,,,,
DDG,2019,EZVMH8VEGL34,1,,,,,,,,,,,
DDG,2021,EZVMH8VEGL34,2,,,,,,,,,,,
DDG,2022,EZVMH8VEGL34,1,,,,,,,,,,,
DDG,2024,EZVMH8VEGL34,3,,,,,,,,,,,
DDG,2015,F3XKPA82MHQ5,3,,,,,,,,,,,
DDG,2016,F3XKPA82MHQ5,1,,,,,,,,,,,
DDG,2017,F3XKPA82MHQ5,1,,,,,,,,,,,
DDG,2021,F3XKPA82MHQ5,3,,,,,,,,,,,
DDG,2022,F3XKPA82MHQ5,1,,,,,,,,,,,
DDG,2023,F3XKPA82MHQ5,6,,,,,,,,,,,
DDG,2013,F42BKS7EHCL8,3,,,,,,,,,,,
DDG,2014,F42BKS7EHCL8,2,,,,,,,,,,,
DDG,2019,F42BKS7EHCL8,6,,,,,,,,,,,
DDG,2021,F42BKS7EHCL8,1,,,,,,,,,,,
DDG,2024,F42BKS7EHCL8,3,,,,,,,,,,,
DDG,2025,F42BKS7EHCL8,6,,,,,,,,,,,
DDG,2024,F4GNMTCCXGM8,1,,,,,,,,,,,
DDG,2026,F4GNMTCCXGM8,1,,,,,,,,,,,
DDG,2015,F98TZC6J5XV1,1,,,,,,,,,,,
DDG,2016,F98TZC6J5XV1,2,,,,,,,,,,,
DDG,2018,F98TZC6J5XV1,2,,,,,,,,,,,
DDG,2019,F98TZC6J5XV1,1,,,,,,,,,,,
DDG,2020,F98TZC6J5XV1,1,,,,,,,,,,,
DDG,2022,F98TZC6J5XV1,1,,,,,,,,,,,
DDG,2023,F98TZC6J5XV1,2,,,,,,,,,,,
DDG,2024,F99CKJDLYZR3,1,,,,,,,,,,,
DDG,2013,FCK2D4PSV1L2,8,,,,,,,,,,,
DDG,2014,FCK2D4PSV1L2,4,,,,,,,,,,,
DDG,2015,FCK2D4PSV1L2,3,,,,,,,,,,,
DDG,2016,FCK2D4PSV1L2,2,,,,,,,,,,,
DDG,2017,FCK2D4PSV1L2,1,,,,,,,,,,,
DDG,2018,FCK2D4PSV1L2,2,,,,,,,,,,,
DDG,2019,FCK2D4PSV1L2,1,,,,,,,,,,,
DDG,2020,FCK2D4PSV1L2,5,,,,,,,,,,,
DDG,2021,FCK2D4PSV1L2,3,,,,,,,,,,,
DDG,2022,FCK2D4PSV1L2,5,,,,,,,,,,,
DDG,2023,FCK2D4PSV1L2,8,,,,,,,,,,,
DDG,2024,FCK2D4PSV1L2,22,,,,,,,,,,,
DDG,2025,FCK2D4PSV1L2,4,,,,,,,,,,,
DDG,2026,FCK2D4PSV1L2,3,,,,,,,,,,,
DDG,2017,FD69PPCVM2B8,1,,,,,,,,,,,
DDG,2018,FD69PPCVM2B8,1,,,,,,,,,,,
DDG,2020,FD69PPCVM2B8,1,,,,,,,,,,,
DDG,2021,FD69PPCVM2B8,1,,,,,,,,,,,
DDG,2023,FD69PPCVM2B8,1,,,,,,,,,,,
DDG,2025,FD69PPCVM2B8,1,,,,,,,,,,,
DDG,2026,FD69PPCVM2B8,1,,,,,,,,,,,
DDG,2013,FECPDA1S8WJ1,1,,,,,,,,,,,
DDG,2015,FECPDA1S8WJ1,1,,,,,,,,,,,
DDG,2017,FECPDA1S8WJ1,1,,,,,,,,,,,
DDG,2016,FFZLXPAQCMD8,2,,,,,,,,,,,
DDG,2019,FFZLXPAQCMD8,2,,,,,,,,,,,
DDG,2020,FFZLXPAQCMD8,7,,,,,,,,,,,
DDG,2021,FFZLXPAQCMD8,2,,,,,,,,,,,
DDG,2022,FFZLXPAQCMD8,3,,,,,,,,,,,
DDG,2023,FFZLXPAQCMD8,4,,,,,,,,,,,
DDG,2024,FFZLXPAQCMD8,2,,,,,,,,,,,
DDG,2025,FFZLXPAQCMD8,2,,,,,,,,,,,
DDG,2026,FFZLXPAQCMD8,2,,,,,,,,,,,
DDG,2022,FG19HT8C3MM4,1,,,,,,,,,,,
DDG,2013,FGNQE3RF1FK5,1,,,,,,,,,,,
DDG,2014,FGNQE3RF1FK5,1,,,,,,,,,,,
DDG,2015,FGNQE3RF1FK5,1,,,,,,,,,,,
DDG,2016,FGNQE3RF1FK5,2,,,,,,,,,,,
DDG,2017,FGNQE3RF1FK5,1,,,,,,,,,,,
DDG,2018,FGNQE3RF1FK5,1,,,,,,,,,,,
DDG,2019,FGNQE3RF1FK5,10,,,,,,,,,,,
DDG,2020,FGNQE3RF1FK5,1,,,,,,,,,,,
DDG,2021,FGNQE3RF1FK5,2,,,,,,,,,,,
DDG,2022,FGNQE3RF1FK5,3,,,,,,,,,,,
DDG,2023,FGNQE3RF1FK5,3,,,,,,,,,,,
DDG,2024,FGNQE3RF1FK5,4,,,,,,,,,,,
DDG,2025,FGNQE3RF1FK5,1,,,,,,,,,,,
DDG,2013,FJMAMQK89ZB8,1,,,,,,,,,,,
DDG,2014,FJMAMQK89ZB8,2,,,,,,,,,,,
DDG,2016,FJMAMQK89ZB8,2,,,,,,,,,,,
DDG,2017,FJMAMQK89ZB8,1,,,,,,,,,,,
DDG,2018,FJMAMQK89ZB8,1,,,,,,,,,,,
DDG,2022,FJMAMQK89ZB8,2,,,,,,,,,,,
DDG,2013,FLMQAKFEMG64,4,,,,,,,,,,,
DDG,2014,FLMQAKFEMG64,4,,,,,,,,,,,
DDG,2015,FLMQAKFEMG64,4,,,,,,,,,,,
DDG,2016,FLMQAKFEMG64,4,,,,,,,,,,,
DDG,2017,FLMQAKFEMG64,5,,,,,,,,,,,
DDG,2018,FLMQAKFEMG64,1,,,,,,,,,,,
DDG,2019,FLMQAKFEMG64,11,,,,,,,,,,,
DDG,2020,FLMQAKFEMG64,8,,,,,,,,,,,
DDG,2023,FLMQAKFEMG64,4,,,,,,,,,,,
DDG,2024,FLMQAKFEMG64,1,,,,,,,,,,,
DDG,2025,FLMQAKFEMG64,2,,,,,,,,,,,
DDG,2013,FLQJXSFMNQP6,1,,,,,,,,,,,
DDG,2014,FLQJXSFMNQP6,3,,,,,,,,,,,
DDG,2015,FLQJXSFMNQP6,1,,,,,,,,,,,
DDG,2019,FLQJXSFMNQP6,1,,,,,,,,,,,
DDG,2020,FLQJXSFMNQP6,1,,,,,,,,,,,
DDG,2021,FLQJXSFMNQP6,1,,,,,,,,,,,
DDG,2022,FLQJXSFMNQP6,4,,,,,,,,,,,
DDG,2024,FLQJXSFMNQP6,1,,,,,,,,,,,
DDG,2025,FLQJXSFMNQP6,2,,,,,,,,,,,
DDG,2017,FMKADN1KAXH6,1,,,,,,,,,,,
DDG,2018,FMKADN1KAXH6,2,,,,,,,,,,,
DDG,2013,FNQARYRJJEL5,1,,,,,,,,,,,
DDG,2015,FNQARYRJJEL5,1,,,,,,,,,,,
DDG,2018,FNQARYRJJEL5,1,,,,,,,,,,,
DDG,2020,FNQARYRJJEL5,1,,,,,,,,,,,
DDG,2021,FNQARYRJJEL5,1,,,,,,,,,,,
DDG,2015,FNQSY3S2MCM9,2,,,,,,,,,,,
DDG,2017,FNQSY3S2MCM9,1,,,,,,,,,,,
DDG,2020,FNQSY3S2MCM9,1,,,,,,,,,,,
DDG,2021,FNQSY3S2MCM9,2,,,,,,,,,,,
DDG,2023,FNQSY3S2MCM9,2,,,,,,,,,,,
DDG,2025,FNQSY3S2MCM9,2,,,,,,,,,,,
DDG,2018,FREEMCLKFXE3,2,,,,,,,,,,,
DDG,2021,FRJQGQHDX4J3,1,,,,,,,,,,,
DDG,2022,FRJQGQHDX4J3,1,,,,,,,,,,,
DDG,2022,FUNJJEK23XN5,4,,,,,,,,,,,
DDG,2025,FUNJJEK23XN5,14,,,,,,,,,,,
DDG,2026,FUNJJEK23XN5,3,,,,,,,,,,,
DDG,2013,FVFNV3NERP36,1,,,,,,,,,,,
DDG,2015,FVFNV3NERP36,2,,,,,,,,,,,
DDG,2016,FVFNV3NERP36,1,,,,,,,,,,,
DDG,2017,FVFNV3NERP36,1,,,,,,,,,,,
DDG,2018,FWF8QBPCGLG3,1,,,,,,,,,,,
DDG,2020,FWF8QBPCGLG3,1,,,,,,,,,,,
DDG,2021,FWF8QBPCGLG3,1,,,,,,,,,,,
DDG,2023,FWF8QBPCGLG3,2,,,,,,,,,,,
DDG,2024,FWF8QBPCGLG3,1,,,,,,,,,,,
DDG,2025,FWF8QBPCGLG3,2,,,,,,,,,,,
DDG,2022,FYS6F3284LN3,1,,,,,,,,,,,
DDG,2023,FYS6F3284LN3,11,,,,,,,,,,,
DDG,2024,FYS6F3284LN3,5,,,,,,,,,,,
DDG,2025,FYS6F3284LN3,3,,,,,,,,,,,
DDG,2026,FYS6F3284LN3,3,,,,,,,,,,,
DDG,2015,FZPYZ11SFNA6,1,,,,,,,,,,,
DDG,2018,FZPYZ11SFNA6,2,,,,,,,,,,,
DDG,2024,FZPYZ11SFNA6,2,,,,,,,,,,,
DDG,2025,FZPYZ11SFNA6,2,,,,,,,,,,,
DDG,2015,G15JF2TNVBL6,1,,,,,,,,,,,
DDG,2016,G15JF2TNVBL6,3,,,,,,,,,,,
DDG,2017,G15JF2TNVBL6,3,,,,,,,,,,,
DDG,2018,G15JF2TNVBL6,1,,,,,,,,,,,
DDG,2019,G15JF2TNVBL6,1,,,,,,,,,,,
DDG,2020,G15JF2TNVBL6,1,,,,,,,,,,,
DDG,2021,G15JF2TNVBL6,2,,,,,,,,,,,
DDG,2022,G15JF2TNVBL6,1,,,,,,,,,,,
DDG,2023,G319AMB56SW5,1,,,,,,,,,,,
DDG,2013,G78MQ69BN636,6,,,,,,,,,,,
DDG,2014,G78MQ69BN636,12,,,,,,,,,,,
DDG,2015,G78MQ69BN636,5,,,,,,,,,,,
DDG,2016,G78MQ69BN636,2,,,,,,,,,,,
DDG,2017,G78MQ69BN636,2,,,,,,,,,,,
DDG,2019,G78MQ69BN636,31,,,,,,,,,,,
DDG,2020,G78MQ69BN636,2,,,,,,,,,,,
DDG,2021,G78MQ69BN636,8,,,,,,,,,,,
DDG,2022,G78MQ69BN636,2,,,,,,,,,,,
DDG,2023,G78MQ69BN636,3,,,,,,,,,,,
DDG,2021,G7SQBKZNPRN4,3,,,,,,,,,,,
DDG,2023,G7SQBKZNPRN4,2,,,,,,,,,,,
DDG,2024,G7SQBKZNPRN4,3,,,,,,,,,,,
DDG,2026,G7SQBKZNPRN4,1,,,,,,,,,,,
DDG,2017,G871GBTQ94M7,2,,,,,,,,,,,
DDG,2014,G9N1X873CYJ6,1,,,,,,,,,,,
DDG,2015,G9N1X873CYJ6,1,,,,,,,,,,,
DDG,2016,G9N1X873CYJ6,2,,,,,,,,,,,
DDG,2023,G9N1X873CYJ6,1,,,,,,,,,,,
DDG,2025,G9N1X873CYJ6,2,,,,,,,,,,,
DDG,2026,G9N1X873CYJ6,1,,,,,,,,,,,
DDG,2023,GCDKJTM3RJX6,2,,,,,,,,,,,
DDG,2013,GCUTMML7MHH3,4,,,,,,,,,,,
DDG,2014,GCUTMML7MHH3,5,,,,,,,,,,,
DDG,2019,GGERZB4A1FB3,2,,,,,,,,,,,
DDG,2022,GGERZB4A1FB3,1,,,,,,,,,,,
DDG,2024,GGERZB4A1FB3,1,,,,,,,,,,,
DDG,2025,GGERZB4A1FB3,1,,,,,,,,,,,
DDG,2016,GJEXETZX4N96,2,,,,,,,,,,,
DDG,2017,GJEXETZX4N96,1,,,,,,,,,,,
DDG,2018,GJEXETZX4N96,1,,,,,,,,,,,
DDG,2013,GKN9NW23L2L9,1,,,,,,,,,,,
DDG,2021,GKN9NW23L2L9,1,,,,,,,,,,,
DDG,2022,GKN9NW23L2L9,1,,,,,,,,,,,
DDG,2023,GKN9NW23L2L9,4,,,,,,,,,,,
DDG,2024,GKN9NW23L2L9,2,,,,,,,,,,,
DDG,2026,GKN9NW23L2L9,1,,,,,,,,,,,
DDG,2013,GKPGD2F1LKL5,1,,,,,,,,,,,
DDG,2014,GKPGD2F1LKL5,3,,,,,,,,,,,
DDG,2015,GKPGD2F1LKL5,1,,,,,,,,,,,
DDG,2019,GKPGD2F1LKL5,3,,,,,,,,,,,
DDG,2025,GMVJD1H9JQX8,2,,,,,,,,,,,
DDG,2017,GN82WS7LRJ77,1,,,,,,,,,,,
DDG,2022,GN82WS7LRJ77,1,,,,,,,,,,,
DDG,2023,GN82WS7LRJ77,1,,,,,,,,,,,
DDG,2025,GN82WS7LRJ77,1,,,,,,,,,,,
DDG,2013,GNFJGT9MKJW5,3,,,,,,,,,,,
DDG,2015,GNFJGT9MKJW5,1,,,,,,,,,,,
DDG,2015,GU9WXNREUPZ1,2,,,,,,,,,,,
DDG,2016,GU9WXNREUPZ1,2,,,,,,,,,,,
DDG,2019,GU9WXNREUPZ1,1,,,,,,,,,,,
DDG,2021,GU9WXNREUPZ1,1,,,,,,,,,,,
DDG,2022,GU9WXNREUPZ1,1,,,,,,,,,,,
DDG,2023,GU9WXNREUPZ1,1,,,,,,,,,,,
DDG,2024,GU9WXNREUPZ1,1,,,,,,,,,,,
DDG,2023,GV6WMAJUK1R9,1,,,,,,,,,,,
DDG,2013,GXPHJRVG9MR7,2,,,,,,,,,,,
DDG,2014,GXPHJRVG9MR7,5,,,,,,,,,,,
DDG,2015,GXPHJRVG9MR7,2,,,,,,,,,,,
DDG,2016,GXPHJRVG9MR7,2,,,,,,,,,,,
DDG,2017,GXPHJRVG9MR7,1,,,,,,,,,,,
DDG,2019,GXPHJRVG9MR7,15,,,,,,,,,,,
DDG,2020,GXPHJRVG9MR7,7,,,,,,,,,,,
DDG,2021,GXPHJRVG9MR7,17,,,,,,,,,,,
DDG,2022,GXPHJRVG9MR7,11,,,,,,,,,,,
DDG,2023,GXPHJRVG9MR7,19,,,,,,,,,,,
DDG,2024,GXPHJRVG9MR7,15,,,,,,,,,,,
DDG,2025,GXPHJRVG9MR7,22,,,,,,,,,,,
DDG,2026,GXPHJRVG9MR7,8,,,,,,,,,,,
DDG,2025,H11HD5VHGHN3,1,,,,,,,,,,,
DDG,2014,H12BMH6V6495,2,,,,,,,,,,,
DDG,2015,H12BMH6V6495,1,,,,,,,,,,,
DDG,2016,H12BMH6V6495,1,,,,,,,,,,,
DDG,2017,H12BMH6V6495,1,,,,,,,,,,,
DDG,2013,H1PAVTLJBJ88,2,,,,,,,,,,,
DDG,2014,H1PAVTLJBJ88,2,,,,,,,,,,,
DDG,2015,H1PAVTLJBJ88,4,,,,,,,,,,,
DDG,2016,H1PAVTLJBJ88,1,,,,,,,,,,,
DDG,2018,H1PAVTLJBJ88,3,,,,,,,,,,,
DDG,2019,H1PAVTLJBJ88,5,,,,,,,,,,,
DDG,2020,H1PAVTLJBJ88,4,,,,,,,,,,,
DDG,2021,H1PAVTLJBJ88,1,,,,,,,,,,,
DDG,2022,H1PAVTLJBJ88,1,,,,,,,,,,,
DDG,2013,H2VUYH8JMBY9,1,,,,,,,,,,,
DDG,2014,H2VUYH8JMBY9,3,,,,,,,,,,,
DDG,2016,H2VUYH8JMBY9,1,,,,,,,,,,,
DDG,2021,H2VUYH8JMBY9,1,,,,,,,,,,,
DDG,2016,H3R3VV5YN8G4,1,,,,,,,,,,,
DDG,2017,H3R3VV5YN8G4,1,,,,,,,,,,,
DDG,2023,H4ZMPGLLZ8D9,1,,,,,,,,,,,
DDG,2026,HA3GWLK3JK58,2,,,,,,,,,,,
DDG,2017,HEUNPCKQLMN5,1,,,,,,,,,,,
DDG,2020,HEUNPCKQLMN5,1,,,,,,,,,,,
DDG,2018,HHFGANSDJXN8,1,,,,,,,,,,,
DDG,2023,HJFAW5KCG7N7,2,,,,,,,,,,,
DDG,2024,HJFAW5KCG7N7,1,,,,,,,,,,,
DDG,2026,HJFAW5KCG7N7,1,,,,,,,,,,,
DDG,2022,HLE1E2KALJA5,6,,,,,,,,,,,
DDG,2023,HLE1E2KALJA5,2,,,,,,,,,,,
DDG,2024,HLE1E2KALJA5,9,,,,,,,,,,,
DDG,2025,HLE1E2KALJA5,9,,,,,,,,,,,
DDG,2026,HLE1E2KALJA5,3,,,,,,,,,,,
DDG,2013,HLFDNJU7KXJ1,3,,,,,,,,,,,
DDG,2014,HLFDNJU7KXJ1,3,,,,,,,,,,,
DDG,2015,HLFDNJU7KXJ1,1,,,,,,,,,,,
DDG,2016,HLFDNJU7KXJ1,2,,,,,,,,,,,
DDG,2017,HLFDNJU7KXJ1,2,,,,,,,,,,,
DDG,2019,HLFDNJU7KXJ1,4,,,,,,,,,,,
DDG,2020,HLFDNJU7KXJ1,9,,,,,,,,,,,
DDG,2021,HLFDNJU7KXJ1,3,,,,,,,,,,,
DDG,2022,HLFDNJU7KXJ1,2,,,,,,,,,,,
DDG,2023,HLFDNJU7KXJ1,7,,,,,,,,,,,
DDG,2024,HLFDNJU7KXJ1,11,,,,,,,,,,,
DDG,2025,HLFDNJU7KXJ1,4,,,,,,,,,,,
DDG,2026,HLFDNJU7KXJ1,2,,,,,,,,,,,
DDG,2013,HLVBPCA2LH41,4,,,,,,,,,,,
DDG,2014,HLVBPCA2LH41,5,,,,,,,,,,,
DDG,2015,HLVBPCA2LH41,6,,,,,,,,,,,
DDG,2016,HLVBPCA2LH41,8,,,,,,,,,,,
DDG,2017,HLVBPCA2LH41,13,,,,,,,,,,,
DDG,2018,HLVBPCA2LH41,13,,,,,,,,,,,
DDG,2019,HLVBPCA2LH41,21,,,,,,,,,,,
DDG,2020,HLVBPCA2LH41,11,,,,,,,,,,,
DDG,2021,HLVBPCA2LH41,14,,,,,,,,,,,
DDG,2022,HLVBPCA2LH41,6,,,,,,,,,,,
DDG,2023,HLVBPCA2LH41,2,,,,,,,,,,,
DDG,2024,HLVBPCA2LH41,4,,,,,,,,,,,
DDG,2025,HLVBPCA2LH41,9,,,,,,,,,,,
DDG,2026,HLVBPCA2LH41,2,,,,,,,,,,,
DDG,2013,HLVNZXU8EAM1,11,,,,,,,,,,,
DDG,2014,HLVNZXU8EAM1,2,,,,,,,,,,,
DDG,2015,HLVNZXU8EAM1,1,,,,,,,,,,,
DDG,2016,HLVNZXU8EAM1,2,,,,,,,,,,,
DDG,2017,HLVNZXU8EAM1,2,,,,,,,,,,,
DDG,2018,HLVNZXU8EAM1,5,,,,,,,,,,,
DDG,2019,HLVNZXU8EAM1,8,,,,,,,,,,,
DDG,2020,HLVNZXU8EAM1,5,,,,,,,,,,,
DDG,2021,HLVNZXU8EAM1,4,,,,,,,,,,,
DDG,2025,HLW2GH7TF2M4,1,,,,,,,,,,,
DDG,2013,HMBSX7Z72UK4,1,,,,,,,,,,,
DDG,2014,HMBSX7Z72UK4,4,,,,,,,,,,,
DDG,2015,HMBSX7Z72UK4,2,,,,,,,,,,,
DDG,2016,HMBSX7Z72UK4,2,,,,,,,,,,,
DDG,2017,HMBSX7Z72UK4,3,,,,,,,,,,,
DDG,2018,HMBSX7Z72UK4,3,,,,,,,,,,,
DDG,2019,HMBSX7Z72UK4,1,,,,,,,,,,,
DDG,2020,HMBSX7Z72UK4,1,,,,,,,,,,,
DDG,2021,HMBSX7Z72UK4,2,,,,,,,,,,,
DDG,2022,HMBSX7Z72UK4,2,,,,,,,,,,,
DDG,2023,HMBSX7Z72UK4,2,,,,,,,,,,,
DDG,2025,HMBSX7Z72UK4,2,,,,,,,,,,,
DDG,2013,HNAECT5M9TM4,2,,,,,,,,,,,
DDG,2014,HNAECT5M9TM4,1,,,,,,,,,,,
DDG,2015,HNAECT5M9TM4,1,,,,,,,,,,,
DDG,2016,HNAECT5M9TM4,1,,,,,,,,,,,
DDG,2017,HNAECT5M9TM4,5,,,,,,,,,,,
DDG,2016,HNJDANSKDZK9,4,,,,,,,,,,,
DDG,2017,HNJDANSKDZK9,2,,,,,,,,,,,
DDG,2018,HNJDANSKDZK9,2,,,,,,,,,,,
DDG,2020,HNJDANSKDZK9,2,,,,,,,,,,,
DDG,2021,HNJDANSKDZK9,3,,,,,,,,,,,
DDG,2024,HNJDANSKDZK9,2,,,,,,,,,,,
DDG,2025,HNJDANSKDZK9,7,,,,,,,,,,,
DDG,2022,HQEUSUQSKVK7,1,,,,,,,,,,,
DDG,2023,HQEUSUQSKVK7,2,,,,,,,,,,,
DDG,2024,HQYTCMF5RGE4,1,,,,,,,,,,,
DDG,2025,HQYTCMF5RGE4,6,,,,,,,,,,,
DDG,2014,HUK5MJK4MH39,2,,,,,,,,,,,
DDG,2015,HUK5MJK4MH39,2,,,,,,,,,,,
DDG,2016,HUK5MJK4MH39,2,,,,,,,,,,,
DDG,2017,HUK5MJK4MH39,2,,,,,,,,,,,
DDG,2019,HUK5MJK4MH39,3,,,,,,,,,,,
DDG,2020,HUK5MJK4MH39,3,,,,,,,,,,,
DDG,2021,HUK5MJK4MH39,1,,,,,,,,,,,
DDG,2022,HUK5MJK4MH39,3,,,,,,,,,,,
DDG,2023,HUK5MJK4MH39,21,,,,,,,,,,,
DDG,2024,HUK5MJK4MH39,20,,,,,,,,,,,
DDG,2025,HUK5MJK4MH39,2,,,,,,,,,,,
DDG,2026,HUK5MJK4MH39,4,,,,,,,,,,,
DDG,2013,HUKGWGAFW4C7,1,,,,,,,,,,,
DDG,2014,HUKGWGAFW4C7,1,,,,,,,,,,,
DDG,2017,HUYTR5ZGSSN6,1,,,,,,,,,,,
DDG,2024,HWLGUR28KMS6,3,,,,,,,,,,,
DDG,2025,HWLGUR28KMS6,5,,,,,,,,,,,
DDG,2026,HWLGUR28KMS6,5,,,,,,,,,,,
DDG,2015,HYN4GBTR6TF3,1,,,,,,,,,,,
DDG,2017,HYN4GBTR6TF3,1,,,,,,,,,,,
DDG,2024,HYN4GBTR6TF3,1,,,,,,,,,,,
DDG,2025,HYN4GBTR6TF3,1,,,,,,,,,,,
DDG,2026,HYN4GBTR6TF3,3,,,,,,,,,,,
DDG,2022,J1T1FEN3PWX6,6,,,,,,,,,,,
DDG,2023,J1T1FEN3PWX6,8,,,,,,,,,,,
DDG,2024,J1T1FEN3PWX6,7,,,,,,,,,,,
DDG,2025,J1T1FEN3PWX6,6,,,,,,,,,,,
DDG,2026,J1T1FEN3PWX6,1,,,,,,,,,,,
DDG,2023,J2DMF1YRKD96,1,,,,,,,,,,,
DDG,2024,J2DMF1YRKD96,4,,,,,,,,,,,
DDG,2025,J2DMF1YRKD96,2,,,,,,,,,,,
DDG,2013,J3AFGKXWYK73,1,,,,,,,,,,,
DDG,2014,J3AFGKXWYK73,1,,,,,,,,,,,
DDG,2015,J3AFGKXWYK73,5,,,,,,,,,,,
DDG,2016,J3AFGKXWYK73,7,,,,,,,,,,,
DDG,2017,J3AFGKXWYK73,8,,,,,,,,,,,
DDG,2018,J3AFGKXWYK73,7,,,,,,,,,,,
DDG,2019,J3AFGKXWYK73,12,,,,,,,,,,,
DDG,2021,J3AFGKXWYK73,6,,,,,,,,,,,
DDG,2022,J3AFGKXWYK73,3,,,,,,,,,,,
DDG,2020,J5AJWFZ9H8Q6,1,,,,,,,,,,,
DDG,2017,J645RTMFWMW1,1,,,,,,,,,,,
DDG,2018,J645RTMFWMW1,1,,,,,,,,,,,
DDG,2019,J645RTMFWMW1,4,,,,,,,,,,,
DDG,2020,J645RTMFWMW1,3,,,,,,,,,,,
DDG,2021,J645RTMFWMW1,1,,,,,,,,,,,
DDG,2023,J645RTMFWMW1,1,,,,,,,,,,,
DDG,2024,J645RTMFWMW1,7,,,,,,,,,,,
DDG,2025,J645RTMFWMW1,2,,,,,,,,,,,
DDG,2024,J683M8AF97Q5,1,,,,,,,,,,,
DDG,2013,J6DMEL935CD1,1,,,,,,,,,,,
DDG,2015,J6DMEL935CD1,1,,,,,,,,,,,
DDG,2017,J6DMEL935CD1,1,,,,,,,,,,,
DDG,2019,J6DMEL935CD1,3,,,,,,,,,,,
DDG,2022,J6DMEL935CD1,1,,,,,,,,,,,
DDG,2025,J6DMEL935CD1,3,,,,,,,,,,,
DDG,2023,J6MHT1L54CG4,1,,,,,,,,,,,
DDG,2013,J7JGTBNSM619,1,,,,,,,,,,,
DDG,2014,J7JGTBNSM619,1,,,,,,,,,,,
DDG,2015,J7JGTBNSM619,1,,,,,,,,,,,
DDG,2016,J7JGTBNSM619,1,,,,,,,,,,,
DDG,2017,J7JGTBNSM619,1,,,,,,,,,,,
DDG,2018,J7JGTBNSM619,4,,,,,,,,,,,
DDG,2020,J7JGTBNSM619,1,,,,,,,,,,,
DDG,2019,J7JJKMJGC7K1,3,,,,,,,,,,,
DDG,2020,J7JJKMJGC7K1,1,,,,,,,,,,,
DDG,2023,J7JJKMJGC7K1,3,,,,,,,,,,,
DDG,2025,J7JJKMJGC7K1,6,,,,,,,,,,,
DDG,2026,J7JJKMJGC7K1,2,,,,,,,,,,,
DDG,2016,J8ATNVMEGLK1,4,,,,,,,,,,,
DDG,2017,J8ATNVMEGLK1,6,,,,,,,,,,,
DDG,2018,J8ATNVMEGLK1,4,,,,,,,,,,,
DDG,2019,J8ATNVMEGLK1,3,,,,,,,,,,,
DDG,2020,J8ATNVMEGLK1,1,,,,,,,,,,,
DDG,2021,J8ATNVMEGLK1,2,,,,,,,,,,,
DDG,2022,J8ATNVMEGLK1,2,,,,,,,,,,,
DDG,2023,J8ATNVMEGLK1,1,,,,,,,,,,,
DDG,2024,J8ATNVMEGLK1,3,,,,,,,,,,,
DDG,2025,J8ATNVMEGLK1,1,,,,,,,,,,,
DDG,2026,J8ATNVMEGLK1,1,,,,,,,,,,,
DDG,2013,JA2KCX21NL48,2,,,,,,,,,,,
DDG,2014,JA2KCX21NL48,3,,,,,,,,,,,
DDG,2015,JA2KCX21NL48,4,,,,,,,,,,,
DDG,2016,JA2KCX21NL48,5,,,,,,,,,,,
DDG,2017,JA2KCX21NL48,4,,,,,,,,,,,
DDG,2018,JA2KCX21NL48,6,,,,,,,,,,,
DDG,2019,JA2KCX21NL48,3,,,,,,,,,,,
DDG,2020,JA2KCX21NL48,3,,,,,,,,,,,
DDG,2021,JA2KCX21NL48,3,,,,,,,,,,,
DDG,2022,JA2KCX21NL48,1,,,,,,,,,,,
DDG,2023,JA2KCX21NL48,3,,,,,,,,,,,
DDG,2024,JA2KCX21NL48,8,,,,,,,,,,,
DDG,2025,JA2KCX21NL48,3,,,,,,,,,,,
DDG,2026,JA2KCX21NL48,1,,,,,,,,,,,
DDG,2015,JAM1MGE5VDJ7,1,,,,,,,,,,,
DDG,2013,JEP5GQGFPUL9,1,,,,,,,,,,,
DDG,2014,JEP5GQGFPUL9,3,,,,,,,,,,,
DDG,2015,JEP5GQGFPUL9,1,,,,,,,,,,,
DDG,2017,JEP5GQGFPUL9,1,,,,,,,,,,,
DDG,2018,JEP5GQGFPUL9,1,,,,,,,,,,,
DDG,2019,JEP5GQGFPUL9,9,,,,,,,,,,,
DDG,2020,JEP5GQGFPUL9,1,,,,,,,,,,,
DDG,2021,JEP5GQGFPUL9,5,,,,,,,,,,,
DDG,2022,JEP5GQGFPUL9,6,,,,,,,,,,,
DDG,2023,JEP5GQGFPUL9,8,,,,,,,,,,,
DDG,2025,JEP5GQGFPUL9,2,,,,,,,,,,,
DDG,2026,JEP5GQGFPUL9,3,,,,,,,,,,,
DDG,2014,JFEWJZWTH4W4,3,,,,,,,,,,,
DDG,2016,JFEWJZWTH4W4,2,,,,,,,,,,,
DDG,2016,JGLLLKELFB57,1,,,,,,,,,,,
DDG,2018,JGLLLKELFB57,1,,,,,,,,,,,
DDG,2013,JGNYLKEPEBL4,2,,,,,,,,,,,
DDG,2014,JGNYLKEPEBL4,3,,,,,,,,,,,
DDG,2015,JGNYLKEPEBL4,3,,,,,,,,,,,
DDG,2016,JGNYLKEPEBL4,4,,,,,,,,,,,
DDG,2017,JGNYLKEPEBL4,5,,,,,,,,,,,
DDG,2019,JGNYLKEPEBL4,3,,,,,,,,,,,
DDG,2020,JGNYLKEPEBL4,3,,,,,,,,,,,
DDG,2021,JGNYLKEPEBL4,2,,,,,,,,,,,
DDG,2022,JGNYLKEPEBL4,2,,,,,,,,,,,
DDG,2023,JGNYLKEPEBL4,1,,,,,,,,,,,
DDG,2024,JGNYLKEPEBL4,4,,,,,,,,,,,
DDG,2025,JGNYLKEPEBL4,3,,,,,,,,,,,
DDG,2026,JGNYLKEPEBL4,2,,,,,,,,,,,
DDG,2014,JJRDPJY9GQA8,1,,,,,,,,,,,
DDG,2015,JJRDPJY9GQA8,1,,,,,,,,,,,
DDG,2016,JJRDPJY9GQA8,1,,,,,,,,,,,
DDG,2017,JJRDPJY9GQA8,1,,,,,,,,,,,
DDG,2019,JJRDPJY9GQA8,1,,,,,,,,,,,
DDG,2021,JJRDPJY9GQA8,1,,,,,,,,,,,
DDG,2023,JJRDPJY9GQA8,1,,,,,,,,,,,
DDG,2024,JJRDPJY9GQA8,2,,,,,,,,,,,
DDG,2025,JJRDPJY9GQA8,1,,,,,,,,,,,
DDG,2026,JJRDPJY9GQA8,1,,,,,,,,,,,
DDG,2013,JK16ZQ9FRJ51,2,,,,,,,,,,,
DDG,2015,JK16ZQ9FRJ51,2,,,,,,,,,,,
DDG,2016,JK16ZQ9FRJ51,2,,,,,,,,,,,
DDG,2017,JK16ZQ9FRJ51,1,,,,,,,,,,,
DDG,2020,JK16ZQ9FRJ51,1,,,,,,,,,,,
DDG,2013,JK4WJKLD44G9,1,,,,,,,,,,,
DDG,2014,JK4WJKLD44G9,3,,,,,,,,,,,
DDG,2015,JK4WJKLD44G9,1,,,,,,,,,,,
DDG,2016,JK4WJKLD44G9,1,,,,,,,,,,,
DDG,2019,JK4WJKLD44G9,4,,,,,,,,,,,
DDG,2020,JK4WJKLD44G9,2,,,,,,,,,,,
DDG,2022,JK4WJKLD44G9,1,,,,,,,,,,,
DDG,2023,JK4WJKLD44G9,1,,,,,,,,,,,
DDG,2024,JK4WJKLD44G9,1,,,,,,,,,,,
DDG,2025,JK4WJKLD44G9,1,,,,,,,,,,,
DDG,2026,JK4WJKLD44G9,1,,,,,,,,,,,
DDG,2013,JKPCAKFW8X93,1,,,,,,,,,,,
DDG,2014,JKPCAKFW8X93,2,,,,,,,,,,,
DDG,2015,JKPCAKFW8X93,2,,,,,,,,,,,
DDG,2016,JKPCAKFW8X93,2,,,,,,,,,,,
DDG,2015,JL4THZCMNKR7,1,,,,,,,,,,,
DDG,2016,JL4THZCMNKR7,1,,,,,,,,,,,
DDG,2017,JL4THZCMNKR7,1,,,,,,,,,,,
DDG,2018,JL4THZCMNKR7,2,,,,,,,,,,,
DDG,2025,JL4THZCMNKR7,1,,,,,,,,,,,
DDG,2017,JLREE96WGKM5,1,,,,,,,,,,,
DDG,2018,JLREE96WGKM5,1,,,,,,,,,,,
DDG,2023,JLREE96WGKM5,1,,,,,,,,,,,
DDG,2017,JN16VPC2PXN4,1,,,,,,,,,,,
DDG,2018,JN16VPC2PXN4,2,,,,,,,,,,,
DDG,2016,JNC1BUEVV3B9,7,,,,,,,,,,,
DDG,2017,JNC1BUEVV3B9,9,,,,,,,,,,,
DDG,2018,JNC1BUEVV3B9,5,,,,,,,,,,,
DDG,2019,JNC1BUEVV3B9,4,,,,,,,,,,,
DDG,2020,JNC1BUEVV3B9,1,,,,,,,,,,,
DDG,2021,JNC1BUEVV3B9,4,,,,,,,,,,,
DDG,2013,JR3NDKLB4BH9,4,,,,,,,,,,,
DDG,2014,JR3NDKLB4BH9,1,,,,,,,,,,,
DDG,2015,JR3NDKLB4BH9,7,,,,,,,,,,,
DDG,2016,JR3NDKLB4BH9,7,,,,,,,,,,,
DDG,2017,JR3NDKLB4BH9,1,,,,,,,,,,,
DDG,2018,JR3NDKLB4BH9,1,,,,,,,,,,,
DDG,2013,JRHJJRY6DWK3,3,,,,,,,,,,,
DDG,2014,JRHJJRY6DWK3,1,,,,,,,,,,,
DDG,2015,JRHJJRY6DWK3,2,,,,,,,,,,,
DDG,2016,JRHJJRY6DWK3,6,,,,,,,,,,,
DDG,2017,JRHJJRY6DWK3,2,,,,,,,,,,,
DDG,2018,JRHJJRY6DWK3,3,,,,,,,,,,,
DDG,2019,JRHJJRY6DWK3,4,,,,,,,,,,,
DDG,2020,JRHJJRY6DWK3,2,,,,,,,,,,,
DDG,2021,JRHJJRY6DWK3,1,,,,,,,,,,,
DDG,2023,JRHJJRY6DWK3,5,,,,,,,,,,,
DDG,2024,JRHJJRY6DWK3,2,,,,,,,,,,,
DDG,2026,JRHJJRY6DWK3,1,,,,,,,,,,,
DDG,2013,JRUCKDSNXKD5,10,,,,,,,,,,,
DDG,2016,JRUCKDSNXKD5,6,,,,,,,,,,,
DDG,2017,JRUCKDSNXKD5,4,,,,,,,,,,,
DDG,2018,JRUCKDSNXKD5,4,,,,,,,,,,,
DDG,2019,JRUCKDSNXKD5,13,,,,,,,,,,,
DDG,2020,JRUCKDSNXKD5,3,,,,,,,,,,,
DDG,2021,JRUCKDSNXKD5,2,,,,,,,,,,,
DDG,2022,JRUCKDSNXKD5,1,,,,,,,,,,,
DDG,2023,JRUCKDSNXKD5,6,,,,,,,,,,,
DDG,2024,JRUCKDSNXKD5,16,,,,,,,,,,,
DDG,2025,JRUCKDSNXKD5,1,,,,,,,,,,,
DDG,2026,JRUCKDSNXKD5,1,,,,,,,,,,,
DDG,2013,JU2ME5ZK8VL3,2,,,,,,,,,,,
DDG,2014,JU2ME5ZK8VL3,4,,,,,,,,,,,
DDG,2015,JU2ME5ZK8VL3,4,,,,,,,,,,,
DDG,2016,JU2ME5ZK8VL3,6,,,,,,,,,,,
DDG,2017,JU2ME5ZK8VL3,2,,,,,,,,,,,
DDG,2018,JU2ME5ZK8VL3,2,,,,,,,,,,,
DDG,2019,JU2ME5ZK8VL3,1,,,,,,,,,,,
DDG,2020,JU2ME5ZK8VL3,1,,,,,,,,,,,
DDG,2021,JU2ME5ZK8VL3,1,,,,,,,,,,,
DDG,2022,JU2ME5ZK8VL3,4,,,,,,,,,,,
DDG,2023,JU2ME5ZK8VL3,7,,,,,,,,,,,
DDG,2024,JU2ME5ZK8VL3,3,,,,,,,,,,,
DDG,2025,JU2ME5ZK8VL3,7,,,,,,,,,,,
DDG,2020,JU7ZGUDEJA79,2,,,,,,,,,,,
DDG,2021,JU7ZGUDEJA79,2,,,,,,,,,,,
DDG,2023,JUN5EFMB2NZ7,2,,,,,,,,,,,
DDG,2014,JW6PXX1WALN4,2,,,,,,,,,,,
DDG,2015,JW6PXX1WALN4,3,,,,,,,,,,,
DDG,2016,JW6PXX1WALN4,3,,,,,,,,,,,
DDG,2017,JW6PXX1WALN4,1,,,,,,,,,,,
DDG,2022,JW6PXX1WALN4,3,,,,,,,,,,,
DDG,2023,JW6PXX1WALN4,9,,,,,,,,,,,
DDG,2024,JW6PXX1WALN4,18,,,,,,,,,,,
DDG,2025,JW6PXX1WALN4,6,,,,,,,,,,,
DDG,2013,JZXZSN3BBL98,1,,,,,,,,,,,
DDG,2014,JZXZSN3BBL98,1,,,,,,,,,,,
DDG,2013,K3URF4HUNQS5,2,,,,,,,,,,,
DDG,2014,K3URF4HUNQS5,2,,,,,,,,,,,
DDG,2015,K3URF4HUNQS5,2,,,,,,,,,,,
DDG,2016,K3URF4HUNQS5,5,,,,,,,,,,,
DDG,2017,K3URF4HUNQS5,2,,,,,,,,,,,
DDG,2019,K3URF4HUNQS5,5,,,,,,,,,,,
DDG,2020,K3URF4HUNQS5,3,,,,,,,,,,,
DDG,2021,K3URF4HUNQS5,4,,,,,,,,,,,
DDG,2014,K574V7KEQUC8,1,,,,,,,,,,,
DDG,2014,K783PK4DZEE3,2,,,,,,,,,,,
DDG,2018,K7L6DELLDU47,2,,,,,,,,,,,
DDG,2023,K7SAUMHPLDJ9,1,,,,,,,,,,,
DDG,2025,K84MXRVQ8BW5,1,,,,,,,,,,,
DDG,2022,K8KAE356N7N5,1,,,,,,,,,,,
DDG,2016,KAJ2U4MCB329,1,,,,,,,,,,,
DDG,2017,KAJ2U4MCB329,1,,,,,,,,,,,
DDG,2018,KAJ2U4MCB329,1,,,,,,,,,,,
DDG,2019,KB45YQR3KSL5,1,,,,,,,,,,,
DDG,2020,KB45YQR3KSL5,1,,,,,,,,,,,
DDG,2022,KB45YQR3KSL5,1,,,,,,,,,,,
DDG,2023,KB45YQR3KSL5,1,,,,,,,,,,,
DDG,2015,KB8ALFD8K1X8,2,,,,,,,,,,,
DDG,2017,KB8ALFD8K1X8,2,,,,,,,,,,,
DDG,2021,KC78MF1CL9B8,1,,,,,,,,,,,
DDG,2013,KCYPSYNH1M94,1,,,,,,,,,,,
DDG,2014,KCYPSYNH1M94,5,,,,,,,,,,,
DDG,2015,KCYPSYNH1M94,14,,,,,,,,,,,
DDG,2016,KCYPSYNH1M94,13,,,,,,,,,,,
DDG,2017,KCYPSYNH1M94,7,,,,,,,,,,,
DDG,2018,KCYPSYNH1M94,10,,,,,,,,,,,
DDG,2019,KCYPSYNH1M94,3,,,,,,,,,,,
DDG,2020,KCYPSYNH1M94,9,,,,,,,,,,,
DDG,2021,KCYPSYNH1M94,11,,,,,,,,,,,
DDG,2022,KCYPSYNH1M94,3,,,,,,,,,,,
DDG,2023,KCYPSYNH1M94,12,,,,,,,,,,,
DDG,2025,KF3NGNBNQ271,1,,,,,,,,,,,
DDG,2021,KFP8JR5HL191,2,,,,,,,,,,,
DDG,2022,KH1SMVPKSHY4,1,,,,,,,,,,,
DDG,2024,KH1SMVPKSHY4,3,,,,,,,,,,,
DDG,2025,KHK8QYLFGLU1,2,,,,,,,,,,,
DDG,2026,KHK8QYLFGLU1,1,,,,,,,,,,,
DDG,2017,KJWPVM8EMCN5,1,,,,,,,,,,,
DDG,2024,KK9FFUUML8N1,3,,,,,,,,,,,
DDG,2017,KKRXVDJZQ5V5,3,,,,,,,,,,,
DDG,2020,KKRXVDJZQ5V5,2,,,,,,,,,,,
DDG,2013,KLDTZDR12ZB7,1,,,,,,,,,,,
DDG,2014,KLDTZDR12ZB7,7,,,,,,,,,,,
DDG,2015,KLDTZDR12ZB7,9,,,,,,,,,,,
DDG,2016,KLDTZDR12ZB7,4,,,,,,,,,,,
DDG,2017,KLDTZDR12ZB7,3,,,,,,,,,,,
DDG,2018,KLDTZDR12ZB7,1,,,,,,,,,,,
DDG,2019,KLDTZDR12ZB7,2,,,,,,,,,,,
DDG,2020,KLDTZDR12ZB7,5,,,,,,,,,,,
DDG,2021,KLDTZDR12ZB7,8,,,,,,,,,,,
DDG,2022,KLDTZDR12ZB7,3,,,,,,,,,,,
DDG,2023,KLDTZDR12ZB7,4,,,,,,,,,,,
DDG,2024,KLDTZDR12ZB7,11,,,,,,,,,,,
DDG,2025,KLDTZDR12ZB7,11,,,,,,,,,,,
DDG,2014,KNEFNMWXBK39,5,,,,,,,,,,,
DDG,2015,KNEFNMWXBK39,15,,,,,,,,,,,
DDG,2016,KNEFNMWXBK39,14,,,,,,,,,,,
DDG,2017,KNEFNMWXBK39,10,,,,,,,,,,,
DDG,2018,KNEFNMWXBK39,1,,,,,,,,,,,
DDG,2019,KNEFNMWXBK39,7,,,,,,,,,,,
DDG,2020,KNEFNMWXBK39,4,,,,,,,,,,,
DDG,2021,KNEFNMWXBK39,9,,,,,,,,,,,
DDG,2022,KNEFNMWXBK39,6,,,,,,,,,,,
DDG,2025,KNEFNMWXBK39,36,,,,,,,,,,,
DDG,2026,KNEFNMWXBK39,6,,,,,,,,,,,
DDG,2022,KNY4J2WMVJX3,1,,,,,,,,,,,
DDG,2025,KNY4J2WMVJX3,1,,,,,,,,,,,
DDG,2014,KTMAJCY6JXM3,2,,,,,,,,,,,
DDG,2015,KTMAJCY6JXM3,1,,,,,,,,,,,
DDG,2016,KTMAJCY6JXM3,1,,,,,,,,,,,
DDG,2017,KTMAJCY6JXM3,2,,,,,,,,,,,
DDG,2024,KWHXKLAL87T5,1,,,,,,,,,,,
DDG,2013,KXWXRYB3FBW3,3,,,,,,,,,,,
DDG,2016,KXWXRYB3FBW3,1,,,,,,,,,,,
DDG,2026,KXWXRYB3FBW3,1,,,,,,,,,,,
DDG,2013,KYURG7LRSC89,3,,,,,,,,,,,
DDG,2014,KYURG7LRSC89,1,,,,,,,,,,,
DDG,2015,KYURG7LRSC89,1,,,,,,,,,,,
DDG,2024,KYURG7LRSC89,2,,,,,,,,,,,
DDG,2025,KYURG7LRSC89,6,,,,,,,,,,,
DDG,2014,L2EDH4DX27J5,2,,,,,,,,,,,
DDG,2015,L2EDH4DX27J5,2,,,,,,,,,,,
DDG,2016,L2EDH4DX27J5,3,,,,,,,,,,,
DDG,2017,L2EDH4DX27J5,2,,,,,,,,,,,
DDG,2019,L2EDH4DX27J5,2,,,,,,,,,,,
DDG,2020,L2EDH4DX27J5,1,,,,,,,,,,,
DDG,2021,L2EDH4DX27J5,4,,,,,,,,,,,
DDG,2022,L2EDH4DX27J5,6,,,,,,,,,,,
DDG,2023,L2EDH4DX27J5,6,,,,,,,,,,,
DDG,2024,L2EDH4DX27J5,7,,,,,,,,,,,
DDG,2025,L2EDH4DX27J5,6,,,,,,,,,,,
DDG,2023,L6EMG925NF78,1,,,,,,,,,,,
DDG,2025,L6EMG925NF78,1,,,,,,,,,,,
DDG,2026,L6EMG925NF78,1,,,,,,,,,,,
DDG,2022,LCKATM42Y1M1,1,,,,,,,,,,,
DDG,2024,LCKATM42Y1M1,1,,,,,,,,,,,
DDG,2016,LCTCMUR9KYB6,1,,,,,,,,,,,
DDG,2017,LCTCMUR9KYB6,1,,,,,,,,,,,
DDG,2023,LCYTE2L5JEP4,3,,,,,,,,,,,
DDG,2024,LCYTE2L5JEP4,6,,,,,,,,,,,
DDG,2025,LCYTE2L5JEP4,3,,,,,,,,,,,
DDG,2026,LCYTE2L5JEP4,1,,,,,,,,,,,
DDG,2015,LCZDJ6YPNYG6,1,,,,,,,,,,,
DDG,2016,LCZDJ6YPNYG6,3,,,,,,,,,,,
DDG,2017,LCZDJ6YPNYG6,8,,,,,,,,,,,
DDG,2018,LCZDJ6YPNYG6,3,,,,,,,,,,,
DDG,2022,LCZDJ6YPNYG6,1,,,,,,,,,,,
DDG,2023,LCZDJ6YPNYG6,6,,,,,,,,,,,
DDG,2024,LCZDJ6YPNYG6,1,,,,,,,,,,,
DDG,2025,LCZDJ6YPNYG6,2,,,,,,,,,,,
DDG,2026,LCZDJ6YPNYG6,2,,,,,,,,,,,
DDG,2014,LFVJABJDQVZ9,8,,,,,,,,,,,
DDG,2015,LFVJABJDQVZ9,6,,,,,,,,,,,
DDG,2016,LFVJABJDQVZ9,5,,,,,,,,,,,
DDG,2017,LFVJABJDQVZ9,4,,,,,,,,,,,
DDG,2018,LFVJABJDQVZ9,1,,,,,,,,,,,
DDG,2019,LFVJABJDQVZ9,3,,,,,,,,,,,
DDG,2020,LFVJABJDQVZ9,1,,,,,,,,,,,
DDG,2021,LFVJABJDQVZ9,1,,,,,,,,,,,
DDG,2022,LFVJABJDQVZ9,1,,,,,,,,,,,
DDG,2024,LG8PRS9MR697,2,,,,,,,,,,,
DDG,2025,LG8PRS9MR697,6,,,,,,,,,,,
DDG,2013,LGL1LNBH8KM5,3,,,,,,,,,,,
DDG,2014,LGL1LNBH8KM5,4,,,,,,,,,,,
DDG,2015,LGL1LNBH8KM5,5,,,,,,,,,,,
DDG,2016,LGL1LNBH8KM5,10,,,,,,,,,,,
DDG,2017,LGL1LNBH8KM5,2,,,,,,,,,,,
DDG,2019,LGL1LNBH8KM5,10,,,,,,,,,,,
DDG,2020,LGL1LNBH8KM5,5,,,,,,,,,,,
DDG,2021,LGL1LNBH8KM5,11,,,,,,,,,,,
DDG,2022,LGL1LNBH8KM5,13,,,,,,,,,,,
DDG,2023,LGL1LNBH8KM5,11,,,,,,,,,,,
DDG,2024,LGL1LNBH8KM5,6,,,,,,,,,,,
DDG,2025,LGL1LNBH8KM5,16,,,,,,,,,,,
DDG,2026,LGL1LNBH8KM5,2,,,,,,,,,,,
DDG,2014,LGVPVLMRHH51,2,,,,,,,,,,,
DDG,2019,LGVPVLMRHH51,3,,,,,,,,,,,
DDG,2020,LGVPVLMRHH51,1,,,,,,,,,,,
DDG,2021,LGVPVLMRHH51,1,,,,,,,,,,,
DDG,2022,LGVPVLMRHH51,3,,,,,,,,,,,
DDG,2023,LGVPVLMRHH51,7,,,,,,,,,,,
DDG,2024,LGVPVLMRHH51,6,,,,,,,,,,,
DDG,2025,LGVPVLMRHH51,7,,,,,,,,,,,
DDG,2023,LJLZRNS9DYC6,2,,,,,,,,,,,
DDG,2025,LJLZRNS9DYC6,2,,,,,,,,,,,
DDG,2026,LJLZRNS9DYC6,1,,,,,,,,,,,
DDG,2014,LM35HWEVUPH3,1,,,,,,,,,,,
DDG,2015,LM35HWEVUPH3,3,,,,,,,,,,,
DDG,2016,LM35HWEVUPH3,1,,,,,,,,,,,
DDG,2018,LM35HWEVUPH3,5,,,,,,,,,,,
DDG,2020,LM35HWEVUPH3,4,,,,,,,,,,,
DDG,2021,LM35HWEVUPH3,1,,,,,,,,,,,
DDG,2022,LM35HWEVUPH3,2,,,,,,,,,,,
DDG,2024,LM35HWEVUPH3,1,,,,,,,,,,,
DDG,2025,LM35HWEVUPH3,7,,,,,,,,,,,
DDG,2026,LM35HWEVUPH3,1,,,,,,,,,,,
DDG,2016,LN9YKAX66918,1,,,,,,,,,,,
DDG,2017,LN9YKAX66918,2,,,,,,,,,,,
DDG,2019,LN9YKAX66918,2,,,,,,,,,,,
DDG,2021,LN9YKAX66918,5,,,,,,,,,,,
DDG,2023,LN9YKAX66918,5,,,,,,,,,,,
DDG,2015,LPN2BLLPK366,1,,,,,,,,,,,
DDG,2015,LQP7LJVDX6M6,1,,,,,,,,,,,
DDG,2017,LQP7LJVDX6M6,1,,,,,,,,,,,
DDG,2018,LQP7LJVDX6M6,3,,,,,,,,,,,
DDG,2019,LQP7LJVDX6M6,1,,,,,,,,,,,
DDG,2020,LQP7LJVDX6M6,1,,,,,,,,,,,
DDG,2021,LQP7LJVDX6M6,2,,,,,,,,,,,
DDG,2013,LR2HQKYJLDZ7,3,,,,,,,,,,,
DDG,2014,LR2HQKYJLDZ7,5,,,,,,,,,,,
DDG,2015,LR2HQKYJLDZ7,3,,,,,,,,,,,
DDG,2016,LR2HQKYJLDZ7,5,,,,,,,,,,,
DDG,2017,LR2HQKYJLDZ7,3,,,,,,,,,,,
DDG,2018,LR2HQKYJLDZ7,2,,,,,,,,,,,
DDG,2019,LR2HQKYJLDZ7,12,,,,,,,,,,,
DDG,2020,LR2HQKYJLDZ7,5,,,,,,,,,,,
DDG,2021,LR2HQKYJLDZ7,8,,,,,,,,,,,
DDG,2022,LR2HQKYJLDZ7,7,,,,,,,,,,,
DDG,2023,LR2HQKYJLDZ7,12,,,,,,,,,,,
DDG,2024,LR2HQKYJLDZ7,5,,,,,,,,,,,
DDG,2025,LR2HQKYJLDZ7,19,,,,,,,,,,,
DDG,2026,LR2HQKYJLDZ7,1,,,,,,,,,,,
DDG,2014,LRYRHNM7EHJ8,1,,,,,,,,,,,
DDG,2015,LRYRHNM7EHJ8,2,,,,,,,,,,,
DDG,2016,LRYRHNM7EHJ8,1,,,,,,,,,,,
DDG,2017,LRYRHNM7EHJ8,2,,,,,,,,,,,
DDG,2019,LRYRHNM7EHJ8,1,,,,,,,,,,,
DDG,2021,LRYRHNM7EHJ8,1,,,,,,,,,,,
DDG,2026,LRYRHNM7EHJ8,1,,,,,,,,,,,
DDG,2026,LS77JJSDUXH9,1,,,,,,,,,,,
DDG,2015,LSGYNGHKB863,4,,,,,,,,,,,
DDG,2016,LSGYNGHKB863,2,,,,,,,,,,,
DDG,2020,LSGYNGHKB863,2,,,,,,,,,,,
DDG,2021,LSGYNGHKB863,1,,,,,,,,,,,
DDG,2024,LSGYNGHKB863,1,,,,,,,,,,,
DDG,2013,LX5BF78ZTHW4,1,,,,,,,,,,,
DDG,2014,LX5BF78ZTHW4,1,,,,,,,,,,,
DDG,2016,LX5BF78ZTHW4,1,,,,,,,,,,,
DDG,2017,LX5BF78ZTHW4,3,,,,,,,,,,,
DDG,2019,LX5BF78ZTHW4,1,,,,,,,,,,,
DDG,2021,LX5BF78ZTHW4,1,,,,,,,,,,,
DDG,2018,LXUMZZ3LETN5,1,,,,,,,,,,,
DDG,2023,LYV8XEV314F6,1,,,,,,,,,,,
DDG,2022,M2XAYNY2P889,1,,,,,,,,,,,
DDG,2024,M2XAYNY2P889,1,,,,,,,,,,,
DDG,2016,M467BSNHK9J8,2,,,,,,,,,,,
DDG,2017,M467BSNHK9J8,3,,,,,,,,,,,
DDG,2014,M4ANYAZ8Q6H8,2,,,,,,,,,,,
DDG,2015,M4ANYAZ8Q6H8,3,,,,,,,,,,,
DDG,2016,M4ANYAZ8Q6H8,2,,,,,,,,,,,
DDG,2017,M4ANYAZ8Q6H8,1,,,,,,,,,,,
DDG,2018,M4ANYAZ8Q6H8,2,,,,,,,,,,,
DDG,2019,M4ANYAZ8Q6H8,4,,,,,,,,,,,
DDG,2020,M4ANYAZ8Q6H8,1,,,,,,,,,,,
DDG,2021,M4ANYAZ8Q6H8,1,,,,,,,,,,,
DDG,2022,M4ANYAZ8Q6H8,1,,,,,,,,,,,
DDG,2023,M4ANYAZ8Q6H8,4,,,,,,,,,,,
DDG,2024,M4ANYAZ8Q6H8,3,,,,,,,,,,,
DDG,2025,M4ANYAZ8Q6H8,6,,,,,,,,,,,
DDG,2026,M4ANYAZ8Q6H8,3,,,,,,,,,,,
DDG,2013,M4ELQDG7JLM5,3,,,,,,,,,,,
DDG,2014,M4ELQDG7JLM5,9,,,,,,,,,,,
DDG,2015,M4ELQDG7JLM5,3,,,,,,,,,,,
DDG,2019,M4ELQDG7JLM5,3,,,,,,,,,,,
DDG,2020,M4ELQDG7JLM5,10,,,,,,,,,,,
DDG,2021,M4ELQDG7JLM5,1,,,,,,,,,,,
DDG,2023,M4ELQDG7JLM5,1,,,,,,,,,,,
DDG,2024,M4ELQDG7JLM5,8,,,,,,,,,,,
DDG,2025,M4ELQDG7JLM5,1,,,,,,,,,,,
DDG,2023,M647MA6E64V1,1,,,,,,,,,,,
DDG,2024,M647MA6E64V1,2,,,,,,,,,,,
DDG,2013,M6ZTA4NZGLQ5,1,,,,,,,,,,,
DDG,2014,M6ZTA4NZGLQ5,1,,,,,,,,,,,
DDG,2015,M6ZTA4NZGLQ5,2,,,,,,,,,,,
DDG,2016,M6ZTA4NZGLQ5,1,,,,,,,,,,,
DDG,2017,M6ZTA4NZGLQ5,1,,,,,,,,,,,
DDG,2019,M6ZTA4NZGLQ5,2,,,,,,,,,,,
DDG,2020,M6ZTA4NZGLQ5,2,,,,,,,,,,,
DDG,2023,M6ZTA4NZGLQ5,1,,,,,,,,,,,
DDG,2026,M6ZTA4NZGLQ5,2,,,,,,,,,,,
DDG,2020,M8JLMEHJADQ5,2,,,,,,,,,,,
DDG,2013,M8ZHL8ZXGQP5,2,,,,,,,,,,,
DDG,2014,M8ZHL8ZXGQP5,1,,,,,,,,,,,
DDG,2015,M8ZHL8ZXGQP5,1,,,,,,,,,,,
DDG,2016,M8ZHL8ZXGQP5,1,,,,,,,,,,,
DDG,2017,M8ZHL8ZXGQP5,1,,,,,,,,,,,
DDG,2019,M8ZHL8ZXGQP5,3,,,,,,,,,,,
DDG,2020,M8ZHL8ZXGQP5,2,,,,,,,,,,,
DDG,2022,M8ZHL8ZXGQP5,2,,,,,,,,,,,
DDG,2026,MAKYNVTMNZX1,4,,,,,,,,,,,
DDG,2013,MC77SUMRLXY5,9,,,,,,,,,,,
DDG,2014,MC77SUMRLXY5,10,,,,,,,,,,,
DDG,2015,MC77SUMRLXY5,10,,,,,,,,,,,
DDG,2016,MC77SUMRLXY5,9,,,,,,,,,,,
DDG,2017,MC77SUMRLXY5,10,,,,,,,,,,,
DDG,2019,MC77SUMRLXY5,22,,,,,,,,,,,
DDG,2020,MC77SUMRLXY5,12,,,,,,,,,,,
DDG,2021,MC77SUMRLXY5,8,,,,,,,,,,,
DDG,2022,MC77SUMRLXY5,16,,,,,,,,,,,
DDG,2023,MC77SUMRLXY5,18,,,,,,,,,,,
DDG,2024,MC77SUMRLXY5,8,,,,,,,,,,,
DDG,2025,MC77SUMRLXY5,18,,,,,,,,,,,
DDG,2021,MD21J51WM123,1,,,,,,,,,,,
DDG,2013,MDH6KH9D4SG7,1,,,,,,,,,,,
DDG,2014,MDH6KH9D4SG7,1,,,,,,,,,,,
DDG,2015,MDH6KH9D4SG7,1,,,,,,,,,,,
DDG,2016,MDH6KH9D4SG7,1,,,,,,,,,,,
DDG,2019,MDH6KH9D4SG7,4,,,,,,,,,,,
DDG,2020,MDH6KH9D4SG7,2,,,,,,,,,,,
DDG,2023,MDH6KH9D4SG7,2,,,,,,,,,,,
DDG,2013,MEMSWT1LFU18,17,,,,,,,,,,,
DDG,2014,MEMSWT1LFU18,3,,,,,,,,,,,
DDG,2015,MEMSWT1LFU18,2,,,,,,,,,,,
DDG,2016,MEMSWT1LFU18,2,,,,,,,,,,,
DDG,2017,MEMSWT1LFU18,3,,,,,,,,,,,
DDG,2018,MEMSWT1LFU18,1,,,,,,,,,,,
DDG,2022,MEMSWT1LFU18,1,,,,,,,,,,,
DDG,2023,MEMSWT1LFU18,3,,,,,,,,,,,
DDG,2024,MEMSWT1LFU18,1,,,,,,,,,,,
DDG,2013,MHR1KKAZ1NH5,2,,,,,,,,,,,
DDG,2014,MHR1KKAZ1NH5,3,,,,,,,,,,,
DDG,2015,MHR1KKAZ1NH5,2,,,,,,,,,,,
DDG,2016,MHR1KKAZ1NH5,3,,,,,,,,,,,
DDG,2017,MHR1KKAZ1NH5,1,,,,,,,,,,,
DDG,2019,MHR1KKAZ1NH5,2,,,,,,,,,,,
DDG,2020,MHR1KKAZ1NH5,1,,,,,,,,,,,
DDG,2021,MHR1KKAZ1NH5,2,,,,,,,,,,,
DDG,2022,MKGCWL2DHBT4,1,,,,,,,,,,,
DDG,2024,MKGCWL2DHBT4,1,,,,,,,,,,,
DDG,2022,MKXMUFJJYLY5,1,,,,,,,,,,,
DDG,2024,MKXMUFJJYLY5,6,,,,,,,,,,,
DDG,2025,MKXMUFJJYLY5,3,,,,,,,,,,,
DDG,2013,MMDRDDVELDX8,2,,,,,,,,,,,
DDG,2014,MMDRDDVELDX8,6,,,,,,,,,,,
DDG,2015,MMDRDDVELDX8,3,,,,,,,,,,,
DDG,2016,MMDRDDVELDX8,3,,,,,,,,,,,
DDG,2017,MMDRDDVELDX8,3,,,,,,,,,,,
DDG,2018,MMDRDDVELDX8,1,,,,,,,,,,,
DDG,2019,MMDRDDVELDX8,6,,,,,,,,,,,
DDG,2020,MMDRDDVELDX8,5,,,,,,,,,,,
DDG,2021,MMDRDDVELDX8,5,,,,,,,,,,,
DDG,2022,MMDRDDVELDX8,2,,,,,,,,,,,
DDG,2023,MMDRDDVELDX8,13,,,,,,,,,,,
DDG,2024,MMDRDDVELDX8,2,,,,,,,,,,,
DDG,2025,MMDRDDVELDX8,17,,,,,,,,,,,
DDG,2019,MMTME6UEFEC5,1,,,,,,,,,,,
DDG,2023,MNS7TJ9KVTJ1,1,,,,,,,,,,,
DDG,2025,MNZGEAM8WG31,2,,,,,,,,,,,
DDG,2023,MQSPAE7NQQR8,2,,,,,,,,,,,
DDG,2017,MSSQQ551LG41,2,,,,,,,,,,,
DDG,2018,MSSQQ551LG41,1,,,,,,,,,,,
DDG,2014,MSYWUDGYPKF5,1,,,,,,,,,,,
DDG,2015,MSYWUDGYPKF5,2,,,,,,,,,,,
DDG,2016,MSYWUDGYPKF5,2,,,,,,,,,,,
DDG,2017,MSYWUDGYPKF5,1,,,,,,,,,,,
DDG,2020,MSYWUDGYPKF5,2,,,,,,,,,,,
DDG,2021,MSYWUDGYPKF5,5,,,,,,,,,,,
DDG,2023,MSYWUDGYPKF5,4,,,,,,,,,,,
DDG,2024,MSYWUDGYPKF5,1,,,,,,,,,,,
DDG,2025,MSYWUDGYPKF5,2,,,,,,,,,,,
DDG,2026,MSYWUDGYPKF5,3,,,,,,,,,,,
DDG,2022,MUD4KL77FK98,2,,,,,,,,,,,
DDG,2023,MUD4KL77FK98,1,,,,,,,,,,,
DDG,2017,MYJHF1S2HGV5,1,,,,,,,,,,,
DDG,2022,MYJHF1S2HGV5,1,,,,,,,,,,,
DDG,2024,MYJHF1S2HGV5,1,,,,,,,,,,,
DDG,2025,MYJHF1S2HGV5,11,,,,,,,,,,,
DDG,2013,N16ET1YJ6QZ3,1,,,,,,,,,,,
DDG,2016,N16ET1YJ6QZ3,1,,,,,,,,,,,
DDG,2017,N16ET1YJ6QZ3,2,,,,,,,,,,,
DDG,2025,N1PJDANWUJ61,1,,,,,,,,,,,
DDG,2023,N5HGL94UC1D6,1,,,,,,,,,,,
DDG,2013,N5KMLMXEPFM5,1,,,,,,,,,,,
DDG,2014,N5KMLMXEPFM5,3,,,,,,,,,,,
DDG,2015,N5KMLMXEPFM5,3,,,,,,,,,,,
DDG,2019,N5KMLMXEPFM5,3,,,,,,,,,,,
DDG,2020,N5KMLMXEPFM5,1,,,,,,,,,,,
DDG,2021,N5KMLMXEPFM5,2,,,,,,,,,,,
DDG,2022,N5KMLMXEPFM5,3,,,,,,,,,,,
DDG,2023,N5KMLMXEPFM5,4,,,,,,,,,,,
DDG,2024,N5KMLMXEPFM5,2,,,,,,,,,,,
DDG,2025,N5KMLMXEPFM5,6,,,,,,,,,,,
DDG,2026,N5KMLMXEPFM5,1,,,,,,,,,,,
DDG,2013,N5RJW5NX32Y1,3,,,,,,,,,,,
DDG,2014,N5RJW5NX32Y1,1,,,,,,,,,,,
DDG,2015,N5RJW5NX32Y1,1,,,,,,,,,,,
DDG,2013,N6P1AGPMV456,1,,,,,,,,,,,
DDG,2014,N6P1AGPMV456,1,,,,,,,,,,,
DDG,2015,N6P1AGPMV456,1,,,,,,,,,,,
DDG,2016,N6P1AGPMV456,1,,,,,,,,,,,
DDG,2017,N6P1AGPMV456,2,,,,,,,,,,,
DDG,2018,N6P1AGPMV456,1,,,,,,,,,,,
DDG,2019,N6P1AGPMV456,5,,,,,,,,,,,
DDG,2020,N6P1AGPMV456,6,,,,,,,,,,,
DDG,2021,N6P1AGPMV456,1,,,,,,,,,,,
DDG,2022,N6P1AGPMV456,3,,,,,,,,,,,
DDG,2023,N6P1AGPMV456,2,,,,,,,,,,,
DDG,2024,N6P1AGPMV456,2,,,,,,,,,,,
DDG,2014,N6U1EU32U9J1,1,,,,,,,,,,,
DDG,2025,N6U1EU32U9J1,1,,,,,,,,,,,
DDG,2022,N9DVRB18H324,1,,,,,,,,,,,
DDG,2024,N9DVRB18H324,1,,,,,,,,,,,
DDG,2015,NB2HLRTJJJQ7,2,,,,,,,,,,,
DDG,2016,NB2HLRTJJJQ7,1,,,,,,,,,,,
DDG,2017,NB2HLRTJJJQ7,1,,,,,,,,,,,
DDG,2020,NB2HLRTJJJQ7,1,,,,,,,,,,,
DDG,2021,NB2HLRTJJJQ7,2,,,,,,,,,,,
DDG,2013,NBM4G4SAFQM3,2,,,,,,,,,,,
DDG,2014,NBM4G4SAFQM3,1,,,,,,,,,,,
DDG,2015,NBM4G4SAFQM3,1,,,,,,,,,,,
DDG,2016,NBM4G4SAFQM3,5,,,,,,,,,,,
DDG,2017,NBM4G4SAFQM3,3,,,,,,,,,,,
DDG,2019,NBM4G4SAFQM3,4,,,,,,,,,,,
DDG,2020,NBM4G4SAFQM3,2,,,,,,,,,,,
DDG,2021,NBM4G4SAFQM3,7,,,,,,,,,,,
DDG,2022,NBM4G4SAFQM3,1,,,,,,,,,,,
DDG,2023,NBM4G4SAFQM3,3,,,,,,,,,,,
DDG,2024,NBM4G4SAFQM3,1,,,,,,,,,,,
DDG,2025,NBM4G4SAFQM3,3,,,,,,,,,,,
DDG,2015,NC39YCMEXVJ8,1,,,,,,,,,,,
DDG,2016,NC39YCMEXVJ8,1,,,,,,,,,,,
DDG,2025,NCG7W2K7P7R6,1,,,,,,,,,,,
DDG,2018,NE3DARLAMEN6,1,,,,,,,,,,,
DDG,2013,NGE4ALP2M661,1,,,,,,,,,,,
DDG,2014,NGE4ALP2M661,1,,,,,,,,,,,
DDG,2015,NGE4ALP2M661,3,,,,,,,,,,,
DDG,2017,NGE4ALP2M661,1,,,,,,,,,,,
DDG,2018,NGE4ALP2M661,2,,,,,,,,,,,
DDG,2019,NGE4ALP2M661,1,,,,,,,,,,,
DDG,2020,NGE4ALP2M661,2,,,,,,,,,,,
DDG,2021,NGE4ALP2M661,3,,,,,,,,,,,
DDG,2023,NJBMT6E7P7B4,1,,,,,,,,,,,
DDG,2026,NJBMT6E7P7B4,1,,,,,,,,,,,
DDG,2014,NK1RB5VKXES9,1,,,,,,,,,,,
DDG,2015,NK1RB5VKXES9,2,,,,,,,,,,,
DDG,2016,NK1RB5VKXES9,1,,,,,,,,,,,
DDG,2018,NK1RB5VKXES9,1,,,,,,,,,,,
DDG,2020,NK1RB5VKXES9,1,,,,,,,,,,,
DDG,2021,NK1RB5VKXES9,1,,,,,,,,,,,
DDG,2022,NK1RB5VKXES9,1,,,,,,,,,,,
DDG,2018,NL7RNBHWHJQ1,2,,,,,,,,,,,
DDG,2019,NL7RNBHWHJQ1,2,,,,,,,,,,,
DDG,2021,NL7RNBHWHJQ1,2,,,,,,,,,,,
DDG,2022,NL7RNBHWHJQ1,5,,,,,,,,,,,
DDG,2023,NL7RNBHWHJQ1,4,,,,,,,,,,,
DDG,2025,NN7PCHZFNZP8,2,,,,,,,,,,,
DDG,2013,NQKEVF8KEMP1,10,,,,,,,,,,,
DDG,2017,NQKEVF8KEMP1,1,,,,,,,,,,,
DDG,2018,NQKEVF8KEMP1,4,,,,,,,,,,,
DDG,2019,NQKEVF8KEMP1,17,,,,,,,,,,,
DDG,2020,NQKEVF8KEMP1,6,,,,,,,,,,,
DDG,2021,NQKEVF8KEMP1,4,,,,,,,,,,,
DDG,2025,NQKEVF8KEMP1,7,,,,,,,,,,,
DDG,2026,NQKEVF8KEMP1,1,,,,,,,,,,,
DDG,2020,NTREK31GP8N3,1,,,,,,,,,,,
DDG,2026,NUMJXMNFTW19,1,,,,,,,,,,,
DDG,2016,NX47A388J7L3,1,,,,,,,,,,,
DDG,2023,NYGUEDY27AM8,1,,,,,,,,,,,
DDG,2024,NYGUEDY27AM8,5,,,,,,,,,,,
DDG,2025,NYGUEDY27AM8,2,,,,,,,,,,,
DDG,2013,P3ZZEMCBYSK7,1,,,,,,,,,,,
DDG,2014,P3ZZEMCBYSK7,1,,,,,,,,,,,
DDG,2015,P3ZZEMCBYSK7,1,,,,,,,,,,,
DDG,2021,P4NMA2SHLR53,1,,,,,,,,,,,
DDG,2016,P4XPJNTCHB68,1,,,,,,,,,,,
DDG,2018,P4XPJNTCHB68,1,,,,,,,,,,,
DDG,2019,P4XPJNTCHB68,1,,,,,,,,,,,
DDG,2020,P4XPJNTCHB68,2,,,,,,,,,,,
DDG,2021,P4XPJNTCHB68,2,,,,,,,,,,,
DDG,2022,P4XPJNTCHB68,2,,,,,,,,,,,
DDG,2024,P4XPJNTCHB68,1,,,,,,,,,,,
DDG,2025,P4XPJNTCHB68,8,,,,,,,,,,,
DDG,2026,P4XPJNTCHB68,1,,,,,,,,,,,
DDG,2020,PB11V1KH3KV4,2,,,,,,,,,,,
DDG,2022,PB11V1KH3KV4,4,,,,,,,,,,,
DDG,2018,PDZUR2FMYD89,2,,,,,,,,,,,
DDG,2019,PDZUR2FMYD89,3,,,,,,,,,,,
DDG,2026,PDZUR2FMYD89,3,,,,,,,,,,,
DDG,2015,PGNTKH2XZAN5,1,,,,,,,,,,,
DDG,2016,PGNTKH2XZAN5,2,,,,,,,,,,,
DDG,2014,PJRYS7EFXQD9,5,,,,,,,,,,,
DDG,2015,PJRYS7EFXQD9,4,,,,,,,,,,,
DDG,2016,PJRYS7EFXQD9,6,,,,,,,,,,,
DDG,2017,PJRYS7EFXQD9,6,,,,,,,,,,,
DDG,2019,PJRYS7EFXQD9,10,,,,,,,,,,,
DDG,2020,PJRYS7EFXQD9,1,,,,,,,,,,,
DDG,2021,PJRYS7EFXQD9,7,,,,,,,,,,,
DDG,2022,PJRYS7EFXQD9,4,,,,,,,,,,,
DDG,2023,PJRYS7EFXQD9,9,,,,,,,,,,,
DDG,2024,PJRYS7EFXQD9,3,,,,,,,,,,,
DDG,2025,PJRYS7EFXQD9,14,,,,,,,,,,,
DDG,2020,PNLJW4UFU1A8,2,,,,,,,,,,,
DDG,2021,PNLJW4UFU1A8,1,,,,,,,,,,,
DDG,2022,PNLJW4UFU1A8,3,,,,,,,,,,,
DDG,2024,PNLJW4UFU1A8,2,,,,,,,,,,,
DDG,2025,PNLJW4UFU1A8,2,,,,,,,,,,,
DDG,2026,PNLJW4UFU1A8,2,,,,,,,,,,,
DDG,2013,PQGNEEY9W5M3,3,,,,,,,,,,,
DDG,2014,PQGNEEY9W5M3,6,,,,,,,,,,,
DDG,2015,PQGNEEY9W5M3,3,,,,,,,,,,,
DDG,2016,PQGNEEY9W5M3,1,,,,,,,,,,,
DDG,2017,PQGNEEY9W5M3,5,,,,,,,,,,,
DDG,2018,PQGNEEY9W5M3,2,,,,,,,,,,,
DDG,2019,PQGNEEY9W5M3,14,,,,,,,,,,,
DDG,2020,PQGNEEY9W5M3,4,,,,,,,,,,,
DDG,2021,PQGNEEY9W5M3,4,,,,,,,,,,,
DDG,2022,PQGNEEY9W5M3,6,,,,,,,,,,,
DDG,2023,PQGNEEY9W5M3,9,,,,,,,,,,,
DDG,2024,PQGNEEY9W5M3,9,,,,,,,,,,,
DDG,2025,PQGNEEY9W5M3,7,,,,,,,,,,,
DDG,2026,PQGNEEY9W5M3,3,,,,,,,,,,,
DDG,2025,PTVDFVF3JNX6,1,,,,,,,,,,,
DDG,2026,PTVDFVF3JNX6,1,,,,,,,,,,,
DDG,2016,PW9GWUTL4KV5,1,,,,,,,,,,,
DDG,2018,PW9GWUTL4KV5,1,,,,,,,,,,,
DDG,2019,PW9GWUTL4KV5,1,,,,,,,,,,,
DDG,2021,PW9GWUTL4KV5,3,,,,,,,,,,,
DDG,2023,PW9GWUTL4KV5,6,,,,,,,,,,,
DDG,2025,PW9GWUTL4KV5,5,,,,,,,,,,,
DDG,2026,PW9GWUTL4KV5,2,,,,,,,,,,,
DDG,2013,Q35JL9GFCAK3,6,,,,,,,,,,,
DDG,2014,Q35JL9GFCAK3,15,,,,,,,,,,,
DDG,2015,Q35JL9GFCAK3,9,,,,,,,,,,,
DDG,2016,Q35JL9GFCAK3,9,,,,,,,,,,,
DDG,2017,Q35JL9GFCAK3,9,,,,,,,,,,,
DDG,2018,Q35JL9GFCAK3,5,,,,,,,,,,,
DDG,2019,Q35JL9GFCAK3,16,,,,,,,,,,,
DDG,2020,Q35JL9GFCAK3,4,,,,,,,,,,,
DDG,2021,Q35JL9GFCAK3,8,,,,,,,,,,,
DDG,2022,Q35JL9GFCAK3,10,,,,,,,,,,,
DDG,2023,Q35JL9GFCAK3,17,,,,,,,,,,,
DDG,2024,Q35JL9GFCAK3,16,,,,,,,,,,,
DDG,2025,Q35JL9GFCAK3,19,,,,,,,,,,,
DDG,2017,Q4LMAMECTR44,1,,,,,,,,,,,
DDG,2018,Q4LMAMECTR44,2,,,,,,,,,,,
DDG,2022,QB7EKDNK2E83,1,,,,,,,,,,,
DDG,2013,QEP4TKLKQDV3,1,,,,,,,,,,,
DDG,2014,QEP4TKLKQDV3,3,,,,,,,,,,,
DDG,2015,QEP4TKLKQDV3,3,,,,,,,,,,,
DDG,2016,QEP4TKLKQDV3,2,,,,,,,,,,,
DDG,2017,QEP4TKLKQDV3,1,,,,,,,,,,,
DDG,2018,QEP4TKLKQDV3,1,,,,,,,,,,,
DDG,2020,QEP4TKLKQDV3,3,,,,,,,,,,,
DDG,2021,QEP4TKLKQDV3,3,,,,,,,,,,,
DDG,2022,QEP4TKLKQDV3,1,,,,,,,,,,,
DDG,2023,QEP4TKLKQDV3,5,,,,,,,,,,,
DDG,2024,QEP4TKLKQDV3,5,,,,,,,,,,,
DDG,2025,QEP4TKLKQDV3,4,,,,,,,,,,,
DDG,2026,QEP4TKLKQDV3,2,,,,,,,,,,,
DDG,2016,QF3MD1MU1651,1,,,,,,,,,,,
DDG,2017,QF3MD1MU1651,1,,,,,,,,,,,
DDG,2019,QF3MD1MU1651,1,,,,,,,,,,,
DDG,2023,QF3MD1MU1651,1,,,,,,,,,,,
DDG,2018,QFG7EC12DQK4,1,,,,,,,,,,,
DDG,2019,QFG7EC12DQK4,1,,,,,,,,,,,
DDG,2019,QGB4RDYJNJT9,3,,,,,,,,,,,
DDG,2020,QGB4RDYJNJT9,1,,,,,,,,,,,
DDG,2021,QGB4RDYJNJT9,2,,,,,,,,,,,
DDG,2024,QGB4RDYJNJT9,3,,,,,,,,,,,
DDG,2025,QGB4RDYJNJT9,4,,,,,,,,,,,
DDG,2017,QH1NZM6TK6C9,1,,,,,,,,,,,
DDG,2018,QH1NZM6TK6C9,2,,,,,,,,,,,
DDG,2021,QH1NZM6TK6C9,1,,,,,,,,,,,
DDG,2025,QKJUKKE5WPA8,11,,,,,,,,,,,
DDG,2026,QKJUKKE5WPA8,6,,,,,,,,,,,
DDG,2024,QLNMVC12KWY3,2,,,,,,,,,,,
DDG,2024,QMXJLLJZ5QY4,1,,,,,,,,,,,
DDG,2015,QNEXJLA47BM4,4,,,,,,,,,,,
DDG,2016,QNEXJLA47BM4,4,,,,,,,,,,,
DDG,2017,QNEXJLA47BM4,1,,,,,,,,,,,
DDG,2018,QNEXJLA47BM4,1,,,,,,,,,,,
DDG,2019,QNEXJLA47BM4,2,,,,,,,,,,,
DDG,2020,QNEXJLA47BM4,1,,,,,,,,,,,
DDG,2022,QNEXJLA47BM4,2,,,,,,,,,,,
DDG,2023,QNEXJLA47BM4,3,,,,,,,,,,,
DDG,2024,QNEXJLA47BM4,11,,,,,,,,,,,
DDG,2025,QNEXJLA47BM4,4,,,,,,,,,,,
DDG,2026,QNEXJLA47BM4,2,,,,,,,,,,,
DDG,2015,QNF5KM7YJSN7,2,,,,,,,,,,,
DDG,2016,QNF5KM7YJSN7,4,,,,,,,,,,,
DDG,2017,QNF5KM7YJSN7,4,,,,,,,,,,,
DDG,2018,QNF5KM7YJSN7,7,,,,,,,,,,,
DDG,2019,QNF5KM7YJSN7,1,,,,,,,,,,,
DDG,2020,QNF5KM7YJSN7,2,,,,,,,,,,,
DDG,2021,QNF5KM7YJSN7,3,,,,,,,,,,,
DDG,2022,QNF5KM7YJSN7,4,,,,,,,,,,,
DDG,2023,QNF5KM7YJSN7,9,,,,,,,,,,,
DDG,2024,QNF5KM7YJSN7,24,,,,,,,,,,,
DDG,2025,QNF5KM7YJSN7,13,,,,,,,,,,,
DDG,2026,QNF5KM7YJSN7,4,,,,,,,,,,,
DDG,2022,QQ7DAUGJ6MC7,1,,,,,,,,,,,
DDG,2021,QV38GMJUBJQ3,1,,,,,,,,,,,
DDG,2025,QV38GMJUBJQ3,3,,,,,,,,,,,
DDG,2026,QV38GMJUBJQ3,2,,,,,,,,,,,
DDG,2013,QVTKQ7LJE196,2,,,,,,,,,,,
DDG,2014,QVTKQ7LJE196,2,,,,,,,,,,,
DDG,2015,QVTKQ7LJE196,2,,,,,,,,,,,
DDG,2016,QVTKQ7LJE196,2,,,,,,,,,,,
DDG,2018,QVTKQ7LJE196,1,,,,,,,,,,,
DDG,2019,QVTKQ7LJE196,6,,,,,,,,,,,
DDG,2020,QVTKQ7LJE196,2,,,,,,,,,,,
DDG,2023,QVTKQ7LJE196,4,,,,,,,,,,,
DDG,2024,QVTKQ7LJE196,3,,,,,,,,,,,
DDG,2025,QVTKQ7LJE196,3,,,,,,,,,,,
DDG,2017,QYKAR7MJJXL7,1,,,,,,,,,,,
DDG,2018,QYKAR7MJJXL7,1,,,,,,,,,,,
DDG,2019,QYKAR7MJJXL7,3,,,,,,,,,,,
DDG,2020,QYKAR7MJJXL7,5,,,,,,,,,,,
DDG,2022,QYKAR7MJJXL7,1,,,,,,,,,,,
DDG,2024,QYKAR7MJJXL7,1,,,,,,,,,,,
DDG,2025,QYKAR7MJJXL7,2,,,,,,,,,,,
DDG,2026,QYKAR7MJJXL7,1,,,,,,,,,,,
DDG,2013,R1M8JJH7J5W5,1,,,,,,,,,,,
DDG,2014,R1M8JJH7J5W5,1,,,,,,,,,,,
DDG,2015,R1M8JJH7J5W5,1,,,,,,,,,,,
DDG,2016,R1M8JJH7J5W5,1,,,,,,,,,,,
DDG,2017,R1M8JJH7J5W5,1,,,,,,,,,,,
DDG,2019,R1M8JJH7J5W5,2,,,,,,,,,,,
DDG,2015,R71XN254HA36,2,,,,,,,,,,,
DDG,2017,R71XN254HA36,2,,,,,,,,,,,
DDG,2018,R71XN254HA36,1,,,,,,,,,,,
DDG,2023,RDQDMFHFM8K3,1,,,,,,,,,,,
DDG,2013,REXPSJ7NAHU8,2,,,,,,,,,,,
DDG,2014,REXPSJ7NAHU8,1,,,,,,,,,,,
DDG,2015,REXPSJ7NAHU8,2,,,,,,,,,,,
DDG,2016,REXPSJ7NAHU8,1,,,,,,,,,,,
DDG,2017,REXPSJ7NAHU8,1,,,,,,,,,,,
DDG,2019,REXPSJ7NAHU8,2,,,,,,,,,,,
DDG,2020,RHLAM7GSJGJ4,1,,,,,,,,,,,
DDG,2013,RJGEKQDTZKT8,1,,,,,,,,,,,
DDG,2014,RJGEKQDTZKT8,1,,,,,,,,,,,
DDG,2015,RJGEKQDTZKT8,1,,,,,,,,,,,
DDG,2016,RJGEKQDTZKT8,1,,,,,,,,,,,
DDG,2017,RJGEKQDTZKT8,1,,,,,,,,,,,
DDG,2019,RJGEKQDTZKT8,3,,,,,,,,,,,
DDG,2020,RJGEKQDTZKT8,3,,,,,,,,,,,
DDG,2023,RJGEKQDTZKT8,1,,,,,,,,,,,
DDG,2024,RJGEKQDTZKT8,2,,,,,,,,,,,
DDG,2024,RL6KA2EUSUC8,1,,,,,,,,,,,
DDG,2025,RL6KA2EUSUC8,3,,,,,,,,,,,
DDG,2026,RL6KA2EUSUC8,1,,,,,,,,,,,
DDG,2013,RLXQHCXFT513,2,,,,,,,,,,,
DDG,2014,RLXQHCXFT513,1,,,,,,,,,,,
DDG,2015,RLXQHCXFT513,1,,,,,,,,,,,
DDG,2016,RLXQHCXFT513,2,,,,,,,,,,,
DDG,2019,RLXQHCXFT513,3,,,,,,,,,,,
DDG,2020,RLXQHCXFT513,1,,,,,,,,,,,
DDG,2021,RLXQHCXFT513,1,,,,,,,,,,,
DDG,2022,RLXQHCXFT513,1,,,,,,,,,,,
DDG,2023,RLXQHCXFT513,1,,,,,,,,,,,
DDG,2025,RLXQHCXFT513,3,,,,,,,,,,,
DDG,2013,RMLGMBGNPCC8,1,,,,,,,,,,,
DDG,2014,RMLGMBGNPCC8,2,,,,,,,,,,,
DDG,2015,RMLGMBGNPCC8,1,,,,,,,,,,,
DDG,2016,RMLGMBGNPCC8,1,,,,,,,,,,,
DDG,2017,RMLGMBGNPCC8,2,,,,,,,,,,,
DDG,2019,RMLGMBGNPCC8,3,,,,,,,,,,,
DDG,2021,RMLGMBGNPCC8,3,,,,,,,,,,,
DDG,2022,RMLGMBGNPCC8,2,,,,,,,,,,,
DDG,2023,RMLGMBGNPCC8,2,,,,,,,,,,,
DDG,2025,RMLGMBGNPCC8,1,,,,,,,,,,,
DDG,2026,RMLGMBGNPCC8,1,,,,,,,,,,,
DDG,2015,RU3QHCAJP492,1,,,,,,,,,,,
DDG,2016,RU3QHCAJP492,1,,,,,,,,,,,
DDG,2013,RYRLL49HWN65,2,,,,,,,,,,,
DDG,2014,RYRLL49HWN65,2,,,,,,,,,,,
DDG,2020,RYRLL49HWN65,1,,,,,,,,,,,
DDG,2022,RYRLL49HWN65,1,,,,,,,,,,,
DDG,2016,RYYRAAAGPXB5,2,,,,,,,,,,,
DDG,2017,RYYRAAAGPXB5,1,,,,,,,,,,,
DDG,2025,RYYRAAAGPXB5,1,,,,,,,,,,,
DDG,2026,RYYRAAAGPXB5,1,,,,,,,,,,,
DDG,2013,S1LJCH88WHT5,1,,,,,,,,,,,
DDG,2014,S1LJCH88WHT5,1,,,,,,,,,,,
DDG,2015,S1LJCH88WHT5,1,,,,,,,,,,,
DDG,2016,S1LJCH88WHT5,1,,,,,,,,,,,
DDG,2017,S1LJCH88WHT5,1,,,,,,,,,,,
DDG,2019,S1LJCH88WHT5,3,,,,,,,,,,,
DDG,2020,S1LJCH88WHT5,1,,,,,,,,,,,
DDG,2021,S1LJCH88WHT5,1,,,,,,,,,,,
DDG,2018,S1TGQ9L36486,1,,,,,,,,,,,
DDG,2020,S1TGQ9L36486,1,,,,,,,,,,,
DDG,2021,S1TGQ9L36486,1,,,,,,,,,,,
DDG,2024,S1TGQ9L36486,3,,,,,,,,,,,
DDG,2013,S3GFGJ1QGAE6,2,,,,,,,,,,,
DDG,2014,S3GFGJ1QGAE6,1,,,,,,,,,,,
DDG,2015,S3GFGJ1QGAE6,3,,,,,,,,,,,
DDG,2016,S3GFGJ1QGAE6,2,,,,,,,,,,,
DDG,2017,S3GFGJ1QGAE6,1,,,,,,,,,,,
DDG,2022,S3GFGJ1QGAE6,3,,,,,,,,,,,
DDG,2023,S3GFGJ1QGAE6,3,,,,,,,,,,,
DDG,2024,S3GFGJ1QGAE6,2,,,,,,,,,,,
DDG,2013,SKKACASET588,16,,,,,,,,,,,
DDG,2014,SKKACASET588,16,,,,,,,,,,,
DDG,2015,SKKACASET588,14,,,,,,,,,,,
DDG,2016,SKKACASET588,22,,,,,,,,,,,
DDG,2017,SKKACASET588,10,,,,,,,,,,,
DDG,2018,SKKACASET588,6,,,,,,,,,,,
DDG,2019,SKKACASET588,18,,,,,,,,,,,
DDG,2020,SKKACASET588,12,,,,,,,,,,,
DDG,2021,SKKACASET588,17,,,,,,,,,,,
DDG,2022,SKKACASET588,14,,,,,,,,,,,
DDG,2023,SKKACASET588,26,,,,,,,,,,,
DDG,2024,SKKACASET588,19,,,,,,,,,,,
DDG,2025,SKKACASET588,24,,,,,,,,,,,
DDG,2026,SKKACASET588,4,,,,,,,,,,,
DDG,2022,SLD5KEGGLLZ3,6,,,,,,,,,,,
DDG,2023,SLD5KEGGLLZ3,16,,,,,,,,,,,
DDG,2024,SLD5KEGGLLZ3,15,,,,,,,,,,,
DDG,2025,SLD5KEGGLLZ3,7,,,,,,,,,,,
DDG,2026,SLD5KEGGLLZ3,1,,,,,,,,,,,
DDG,2015,SLTUM1DV4433,2,,,,,,,,,,,
DDG,2016,SLTUM1DV4433,2,,,,,,,,,,,
DDG,2017,SLTUM1DV4433,4,,,,,,,,,,,
DDG,2018,SLTUM1DV4433,1,,,,,,,,,,,
DDG,2020,SLTUM1DV4433,1,,,,,,,,,,,
DDG,2021,SLTUM1DV4433,1,,,,,,,,,,,
DDG,2013,SSD8KRDXKG46,2,,,,,,,,,,,
DDG,2015,SSD8KRDXKG46,3,,,,,,,,,,,
DDG,2016,SSD8KRDXKG46,12,,,,,,,,,,,
DDG,2017,SSD8KRDXKG46,2,,,,,,,,,,,
DDG,2018,SSD8KRDXKG46,3,,,,,,,,,,,
DDG,2019,SSD8KRDXKG46,5,,,,,,,,,,,
DDG,2021,SSD8KRDXKG46,6,,,,,,,,,,,
DDG,2022,SSD8KRDXKG46,1,,,,,,,,,,,
DDG,2023,SSD8KRDXKG46,1,,,,,,,,,,,
DDG,2024,SSD8KRDXKG46,3,,,,,,,,,,,
DDG,2025,SSD8KRDXKG46,18,,,,,,,,,,,
DDG,2014,SVHJHMJH65S8,3,,,,,,,,,,,
DDG,2015,SVHJHMJH65S8,1,,,,,,,,,,,
DDG,2016,SVHJHMJH65S8,1,,,,,,,,,,,
DDG,2013,T2VFE1NGR3G5,1,,,,,,,,,,,
DDG,2018,T2VFE1NGR3G5,1,,,,,,,,,,,
DDG,2025,T2VFE1NGR3G5,1,,,,,,,,,,,
DDG,2019,T4RCBDVMPVM4,7,,,,,,,,,,,
DDG,2020,T4RCBDVMPVM4,2,,,,,,,,,,,
DDG,2021,T4RCBDVMPVM4,1,,,,,,,,,,,
DDG,2022,T4RCBDVMPVM4,1,,,,,,,,,,,
DDG,2024,T4RCBDVMPVM4,1,,,,,,,,,,,
DDG,2025,T4RCBDVMPVM4,1,,,,,,,,,,,
DDG,2017,T99DCLB5NRH7,1,,,,,,,,,,,
DDG,2018,T99DCLB5NRH7,2,,,,,,,,,,,
DDG,2013,TAB4FBLR5UM1,1,,,,,,,,,,,
DDG,2014,TAB4FBLR5UM1,1,,,,,,,,,,,
DDG,2016,TAB4FBLR5UM1,1,,,,,,,,,,,
DDG,2017,TAB4FBLR5UM1,1,,,,,,,,,,,
DDG,2018,TAB4FBLR5UM1,1,,,,,,,,,,,
DDG,2019,TAB4FBLR5UM1,1,,,,,,,,,,,
DDG,2021,TAB4FBLR5UM1,1,,,,,,,,,,,
DDG,2014,TC76NMCGN4F4,1,,,,,,,,,,,
DDG,2022,TKE2CB4A5YW4,3,,,,,,,,,,,
DDG,2023,TKE2CB4A5YW4,2,,,,,,,,,,,
DDG,2024,TKE2CB4A5YW4,2,,,,,,,,,,,
DDG,2023,TMDVSPNEFR69,2,,,,,,,,,,,
DDG,2025,TMDVSPNEFR69,1,,,,,,,,,,,
DDG,2026,TMDVSPNEFR69,3,,,,,,,,,,,
DDG,2022,TPN7LAC6HGW3,1,,,,,,,,,,,
DDG,2013,TSCZLHCGNQ53,2,,,,,,,,,,,
DDG,2014,TSCZLHCGNQ53,3,,,,,,,,,,,
DDG,2019,TSCZLHCGNQ53,10,,,,,,,,,,,
DDG,2021,TSCZLHCGNQ53,1,,,,,,,,,,,
DDG,2023,TSCZLHCGNQ53,7,,,,,,,,,,,
DDG,2025,TSCZLHCGNQ53,3,,,,,,,,,,,
DDG,2025,U23DM4ULNLS3,1,,,,,,,,,,,
DDG,2026,U23DM4ULNLS3,1,,,,,,,,,,,
DDG,2014,U4MMR7DR2DR7,1,,,,,,,,,,,
DDG,2023,U4MMR7DR2DR7,1,,,,,,,,,,,
DDG,2024,U4MMR7DR2DR7,2,,,,,,,,,,,
DDG,2025,U8SDJVH8SQ19,5,,,,,,,,,,,
DDG,2024,UDMKPLHU8N48,1,,,,,,,,,,,
DDG,2014,UES5F4AAZJK5,1,,,,,,,,,,,
DDG,2015,UES5F4AAZJK5,1,,,,,,,,,,,
DDG,2016,UES5F4AAZJK5,2,,,,,,,,,,,
DDG,2017,UES5F4AAZJK5,2,,,,,,,,,,,
DDG,2019,UES5F4AAZJK5,2,,,,,,,,,,,
DDG,2021,UES5F4AAZJK5,1,,,,,,,,,,,
DDG,2026,UES5F4AAZJK5,1,,,,,,,,,,,
DDG,2013,UK6NAHCH8459,1,,,,,,,,,,,
DDG,2014,UK6NAHCH8459,1,,,,,,,,,,,
DDG,2015,UK6NAHCH8459,1,,,,,,,,,,,
DDG,2016,UK6NAHCH8459,1,,,,,,,,,,,
DDG,2017,UK6NAHCH8459,1,,,,,,,,,,,
DDG,2018,UK6NAHCH8459,1,,,,,,,,,,,
DDG,2019,UK6NAHCH8459,2,,,,,,,,,,,
DDG,2020,UK6NAHCH8459,6,,,,,,,,,,,
DDG,2022,UK6NAHCH8459,1,,,,,,,,,,,
DDG,2024,UK6NAHCH8459,3,,,,,,,,,,,
DDG,2026,UK6NAHCH8459,1,,,,,,,,,,,
DDG,2017,UK8DL82MHJG5,1,,,,,,,,,,,
DDG,2018,UK8DL82MHJG5,1,,,,,,,,,,,
DDG,2017,UR5TFK3LAVL5,1,,,,,,,,,,,
DDG,2013,UTWXQFNH47D5,5,,,,,,,,,,,
DDG,2017,UTWXQFNH47D5,1,,,,,,,,,,,
DDG,2015,UUK2QMVKDKN1,1,,,,,,,,,,,
DDG,2016,UWH5HRSJ5ES7,2,,,,,,,,,,,
DDG,2015,V16LFA3JDR14,3,,,,,,,,,,,
DDG,2018,V16LFA3JDR14,1,,,,,,,,,,,
DDG,2019,V16LFA3JDR14,1,,,,,,,,,,,
DDG,2020,V16LFA3JDR14,1,,,,,,,,,,,
DDG,2021,V16LFA3JDR14,2,,,,,,,,,,,
DDG,2013,V1MQFNQB56Z5,1,,,,,,,,,,,
DDG,2014,V1MQFNQB56Z5,1,,,,,,,,,,,
DDG,2015,V1MQFNQB56Z5,1,,,,,,,,,,,
DDG,2016,V1MQFNQB56Z5,2,,,,,,,,,,,
DDG,2017,V1MQFNQB56Z5,2,,,,,,,,,,,
DDG,2018,V1MQFNQB56Z5,2,,,,,,,,,,,
DDG,2019,V1MQFNQB56Z5,3,,,,,,,,,,,
DDG,2020,V1MQFNQB56Z5,5,,,,,,,,,,,
DDG,2021,V1MQFNQB56Z5,2,,,,,,,,,,,
DDG,2022,V1MQFNQB56Z5,1,,,,,,,,,,,
DDG,2025,V1MQFNQB56Z5,9,,,,,,,,,,,
DDG,2026,V1MQFNQB56Z5,1,,,,,,,,,,,
DDG,2014,V32LJNFLKBT7,4,,,,,,,,,,,
DDG,2019,V32LJNFLKBT7,1,,,,,,,,,,,
DDG,2021,V32LJNFLKBT7,1,,,,,,,,,,,
DDG,2024,V32LJNFLKBT7,2,,,,,,,,,,,
DDG,2025,V32LJNFLKBT7,2,,,,,,,,,,,
DDG,2017,V6JXCLR8QR37,4,,,,,,,,,,,
DDG,2014,V72KJGHK3JF2,2,,,,,,,,,,,
DDG,2013,V8HGGNTGDH59,1,,,,,,,,,,,
DDG,2014,V8HGGNTGDH59,1,,,,,,,,,,,
DDG,2015,V8HGGNTGDH59,1,,,,,,,,,,,
DDG,2016,V8HGGNTGDH59,1,,,,,,,,,,,
DDG,2017,V8HGGNTGDH59,1,,,,,,,,,,,
DDG,2023,V8HGGNTGDH59,3,,,,,,,,,,,
DDG,2024,V8HGGNTGDH59,3,,,,,,,,,,,
DDG,2025,V8HGGNTGDH59,6,,,,,,,,,,,
DDG,2014,VD5WUGZUCJ44,1,,,,,,,,,,,
DDG,2016,VD5WUGZUCJ44,1,,,,,,,,,,,
DDG,2019,VD5WUGZUCJ44,1,,,,,,,,,,,
DDG,2021,VD5WUGZUCJ44,3,,,,,,,,,,,
DDG,2013,VDGQNU1VJC64,1,,,,,,,,,,,
DDG,2014,VDGQNU1VJC64,1,,,,,,,,,,,
DDG,2015,VDGQNU1VJC64,1,,,,,,,,,,,
DDG,2016,VDGQNU1VJC64,1,,,,,,,,,,,
DDG,2017,VDGQNU1VJC64,1,,,,,,,,,,,
DDG,2019,VDGQNU1VJC64,1,,,,,,,,,,,
DDG,2020,VDGQNU1VJC64,1,,,,,,,,,,,
DDG,2024,VDGQNU1VJC64,3,,,,,,,,,,,
DDG,2023,VE86LWM6ABF6,1,,,,,,,,,,,
DDG,2025,VE86LWM6ABF6,1,,,,,,,,,,,
DDG,2026,VE86LWM6ABF6,1,,,,,,,,,,,
DDG,2024,VGCPT3NSM831,1,,,,,,,,,,,
DDG,2025,VGCPT3NSM831,4,,,,,,,,,,,
DDG,2014,VHCPBNRMLK33,2,,,,,,,,,,,
DDG,2024,VJHFDLA3NLG8,1,,,,,,,,,,,
DDG,2025,VJHFDLA3NLG8,5,,,,,,,,,,,
DDG,2013,VJMTKNLENX24,8,,,,,,,,,,,
DDG,2014,VJMTKNLENX24,11,,,,,,,,,,,
DDG,2015,VJMTKNLENX24,2,,,,,,,,,,,
DDG,2016,VJMTKNLENX24,1,,,,,,,,,,,
DDG,2017,VJMTKNLENX24,5,,,,,,,,,,,
DDG,2018,VJMTKNLENX24,3,,,,,,,,,,,
DDG,2019,VJMTKNLENX24,17,,,,,,,,,,,
DDG,2020,VJMTKNLENX24,12,,,,,,,,,,,
DDG,2021,VJMTKNLENX24,16,,,,,,,,,,,
DDG,2022,VJMTKNLENX24,3,,,,,,,,,,,
DDG,2023,VJMTKNLENX24,7,,,,,,,,,,,
DDG,2024,VJMTKNLENX24,15,,,,,,,,,,,
DDG,2025,VJMTKNLENX24,18,,,,,,,,,,,
DDG,2026,VJMTKNLENX24,2,,,,,,,,,,,
DDG,2015,VJSTD8U7QBD9,2,,,,,,,,,,,
DDG,2016,VJSTD8U7QBD9,2,,,,,,,,,,,
DDG,2018,VJSTD8U7QBD9,2,,,,,,,,,,,
DDG,2022,VJSTD8U7QBD9,1,,,,,,,,,,,
DDG,2025,VJSTD8U7QBD9,1,,,,,,,,,,,
DDG,2019,VNP2L293JWL6,1,,,,,,,,,,,
DDG,2013,VXJMLWN9XU18,1,,,,,,,,,,,
DDG,2014,VXJMLWN9XU18,3,,,,,,,,,,,
DDG,2015,VXJMLWN9XU18,2,,,,,,,,,,,
DDG,2016,VXJMLWN9XU18,3,,,,,,,,,,,
DDG,2017,VXJMLWN9XU18,3,,,,,,,,,,,
DDG,2013,W2GBUE64GMZ6,2,,,,,,,,,,,
DDG,2014,W2GBUE64GMZ6,6,,,,,,,,,,,
DDG,2015,W2GBUE64GMZ6,3,,,,,,,,,,,
DDG,2016,W2GBUE64GMZ6,3,,,,,,,,,,,
DDG,2017,W2GBUE64GMZ6,2,,,,,,,,,,,
DDG,2015,W2H3SYSJNLK5,1,,,,,,,,,,,
DDG,2016,W2H3SYSJNLK5,2,,,,,,,,,,,
DDG,2017,W2H3SYSJNLK5,7,,,,,,,,,,,
DDG,2017,W547TUQXJ8Y4,1,,,,,,,,,,,
DDG,2021,W547TUQXJ8Y4,1,,,,,,,,,,,
DDG,2024,W547TUQXJ8Y4,7,,,,,,,,,,,
DDG,2015,WAK3LFCLKJR4,2,,,,,,,,,,,
DDG,2016,WAK3LFCLKJR4,1,,,,,,,,,,,
DDG,2017,WAK3LFCLKJR4,1,,,,,,,,,,,
DDG,2019,WAK3LFCLKJR4,1,,,,,,,,,,,
DDG,2020,WAK3LFCLKJR4,1,,,,,,,,,,,
DDG,2021,WAK3LFCLKJR4,1,,,,,,,,,,,
DDG,2023,WAK3LFCLKJR4,3,,,,,,,,,,,
DDG,2024,WH4DRDKB7RR8,1,,,,,,,,,,,
DDG,2013,WMXDDH6HJNA5,3,,,,,,,,,,,
DDG,2014,WMXDDH6HJNA5,3,,,,,,,,,,,
DDG,2017,WMXDDH6HJNA5,2,,,,,,,,,,,
DDG,2013,WPP2ABN6UCF5,2,,,,,,,,,,,
DDG,2014,WPP2ABN6UCF5,2,,,,,,,,,,,
DDG,2016,WPP2ABN6UCF5,2,,,,,,,,,,,
DDG,2017,WPP2ABN6UCF5,3,,,,,,,,,,,
DDG,2018,WQAKKCKH9LM8,2,,,,,,,,,,,
DDG,2013,WSK3WRSGKAU1,1,,,,,,,,,,,
DDG,2014,WSK3WRSGKAU1,3,,,,,,,,,,,
DDG,2015,WSK3WRSGKAU1,1,,,,,,,,,,,
DDG,2019,WSK3WRSGKAU1,4,,,,,,,,,,,
DDG,2020,WSK3WRSGKAU1,2,,,,,,,,,,,
DDG,2021,WSK3WRSGKAU1,3,,,,,,,,,,,
DDG,2022,WSK3WRSGKAU1,1,,,,,,,,,,,
DDG,2023,WSK3WRSGKAU1,1,,,,,,,,,,,
DDG,2024,WSK3WRSGKAU1,2,,,,,,,,,,,
DDG,2025,WSK3WRSGKAU1,5,,,,,,,,,,,
DDG,2013,WUDSRNBSYC17,1,,,,,,,,,,,
DDG,2014,WUDSRNBSYC17,6,,,,,,,,,,,
DDG,2015,WUDSRNBSYC17,1,,,,,,,,,,,
DDG,2020,WUDSRNBSYC17,1,,,,,,,,,,,
DDG,2013,WVW5FMYALEL6,1,,,,,,,,,,,
DDG,2014,WVW5FMYALEL6,1,,,,,,,,,,,
DDG,2015,WVW5FMYALEL6,1,,,,,,,,,,,
DDG,2016,WVW5FMYALEL6,1,,,,,,,,,,,
DDG,2018,WVW5FMYALEL6,1,,,,,,,,,,,
DDG,2014,WWMME88ERQG5,2,,,,,,,,,,,
DDG,2015,WWMME88ERQG5,1,,,,,,,,,,,
DDG,2016,WWMME88ERQG5,5,,,,,,,,,,,
DDG,2017,WWMME88ERQG5,3,,,,,,,,,,,
DDG,2019,WWMME88ERQG5,1,,,,,,,,,,,
DDG,2020,WWMME88ERQG5,1,,,,,,,,,,,
DDG,2022,WWMME88ERQG5,1,,,,,,,,,,,
DDG,2023,WWMME88ERQG5,1,,,,,,,,,,,
DDG,2025,WWMME88ERQG5,5,,,,,,,,,,,
DDG,2021,WXRTZLL25AE5,2,,,,,,,,,,,
DDG,2019,X4YDGJ1UE973,1,,,,,,,,,,,
DDG,2020,X4YDGJ1UE973,1,,,,,,,,,,,
DDG,2023,X51YWDJN2ED6,2,,,,,,,,,,,
DDG,2024,X51YWDJN2ED6,1,,,,,,,,,,,
DDG,2024,X9C7KVWCMQJ6,2,,,,,,,,,,,
DDG,2013,XECCFU26TTP9,1,,,,,,,,,,,
DDG,2015,XECCFU26TTP9,1,,,,,,,,,,,
DDG,2016,XECCFU26TTP9,2,,,,,,,,,,,
DDG,2019,XECCFU26TTP9,1,,,,,,,,,,,
DDG,2021,XFM4VGW1NBE4,1,,,,,,,,,,,
DDG,2022,XFM4VGW1NBE4,1,,,,,,,,,,,
DDG,2016,XGUEGCF761T9,4,,,,,,,,,,,
DDG,2018,XGUEGCF761T9,1,,,,,,,,,,,
DDG,2019,XGUEGCF761T9,1,,,,,,,,,,,
DDG,2021,XGUEGCF761T9,1,,,,,,,,,,,
DDG,2025,XJTAAHL58NB6,3,,,,,,,,,,,
DDG,2022,XJWLF38U74P3,1,,,,,,,,,,,
DDG,2014,XK68QNYRQCH8,1,,,,,,,,,,,
DDG,2015,XK68QNYRQCH8,1,,,,,,,,,,,
DDG,2016,XK68QNYRQCH8,2,,,,,,,,,,,
DDG,2017,XK68QNYRQCH8,1,,,,,,,,,,,
DDG,2019,XK68QNYRQCH8,1,,,,,,,,,,,
DDG,2019,XK8VBJ94L4E9,1,,,,,,,,,,,
DDG,2021,XK8VBJ94L4E9,1,,,,,,,,,,,
DDG,2025,XK8VBJ94L4E9,3,,,,,,,,,,,
DDG,2026,XK8VBJ94L4E9,1,,,,,,,,,,,
DDG,2020,XKM7WDHK1DA7,1,,,,,,,,,,,
DDG,2017,XMLNYKT139G8,1,,,,,,,,,,,
DDG,2018,XMLNYKT139G8,1,,,,,,,,,,,
DDG,2023,XR3UT8BLTKP7,5,,,,,,,,,,,
DDG,2024,XTB5UHKL6VE8,4,,,,,,,,,,,
DDG,2013,XYNDM1Y7XGG7,2,,,,,,,,,,,
DDG,2014,XYNDM1Y7XGG7,4,,,,,,,,,,,
DDG,2015,XYNDM1Y7XGG7,2,,,,,,,,,,,
DDG,2016,XYNDM1Y7XGG7,1,,,,,,,,,,,
DDG,2017,XYNDM1Y7XGG7,1,,,,,,,,,,,
DDG,2018,XYNDM1Y7XGG7,2,,,,,,,,,,,
DDG,2019,XYNDM1Y7XGG7,7,,,,,,,,,,,
DDG,2021,XYNDM1Y7XGG7,6,,,,,,,,,,,
DDG,2022,XYNDM1Y7XGG7,1,,,,,,,,,,,
DDG,2023,XYNDM1Y7XGG7,2,,,,,,,,,,,
DDG,2024,XYNDM1Y7XGG7,3,,,,,,,,,,,
DDG,2025,XYNDM1Y7XGG7,5,,,,,,,,,,,
DDG,2002,Y9LLF354DH36,1,,,,,,,,,,,
DDG,2023,YA86NYHUA353,1,,,,,,,,,,,
DDG,2023,YD6LTFVUZNG1,2,,,,,,,,,,,
DDG,2022,YELYMYLF82L9,2,,,,,,,,,,,
DDG,2023,YELYMYLF82L9,9,,,,,,,,,,,
DDG,2024,YELYMYLF82L9,45,,,,,,,,,,,
DDG,2025,YELYMYLF82L9,15,,,,,,,,,,,
DDG,2022,YET2PMM1L7J4,1,,,,,,,,,,,
DDG,2024,YHGHMGTME7A5,6,,,,,,,,,,,
DDG,2026,YHGHMGTME7A5,1,,,,,,,,,,,
DDG,2025,YLE5AAYNVPK6,1,,,,,,,,,,,
DDG,2014,YMKJUADMJN79,2,,,,,,,,,,,
DDG,2015,YMKJUADMJN79,1,,,,,,,,,,,
DDG,2016,YMKJUADMJN79,1,,,,,,,,,,,
DDG,2017,YMKJUADMJN79,1,,,,,,,,,,,
DDG,2018,YMKJUADMJN79,1,,,,,,,,,,,
DDG,2019,YMKJUADMJN79,1,,,,,,,,,,,
DDG,2020,YMKJUADMJN79,1,,,,,,,,,,,
DDG,2021,YMKJUADMJN79,1,,,,,,,,,,,
DDG,2022,YMKJUADMJN79,1,,,,,,,,,,,
DDG,2023,YMKJUADMJN79,2,,,,,,,,,,,
DDG,2021,YNJNTZWVC3H6,2,,,,,,,,,,,
DDG,2022,YULJLSW1N2G4,1,,,,,,,,,,,
DDG,2013,YVDFW51N3N61,2,,,,,,,,,,,
DDG,2016,YVDFW51N3N61,1,,,,,,,,,,,
DDG,2022,YYVHWZMPP3F8,1,,,,,,,,,,,
DDG,2017,Z89SS59265U9,2,,,,,,,,,,,
DDG,2018,Z89SS59265U9,1,,,,,,,,,,,
DDG,2019,Z89SS59265U9,7,,,,,,,,,,,
DDG,2020,Z89SS59265U9,5,,,,,,,,,,,
DDG,2021,Z89SS59265U9,20,,,,,,,,,,,
DDG,2022,Z89SS59265U9,5,,,,,,,,,,,
DDG,2023,Z89SS59265U9,5,,,,,,,,,,,
DDG,2024,Z89SS59265U9,13,,,,,,,,,,,
DDG,2025,Z89SS59265U9,12,,,,,,,,,,,
DDG,2026,Z89SS59265U9,5,,,,,,,,,,,
DDG,2022,Z9P3GJBTJUT5,1,,,,,,,,,,,
DDG,2015,ZA1KMNAJMVT3,2,,,,,,,,,,,
DDG,2016,ZA1KMNAJMVT3,3,,,,,,,,,,,
DDG,2017,ZA1KMNAJMVT3,9,,,,,,,,,,,
DDG,2018,ZA1KMNAJMVT3,4,,,,,,,,,,,
DDG,2019,ZA1KMNAJMVT3,6,,,,,,,,,,,
DDG,2020,ZA1KMNAJMVT3,2,,,,,,,,,,,
DDG,2021,ZA1KMNAJMVT3,2,,,,,,,,,,,
DDG,2022,ZA1KMNAJMVT3,4,,,,,,,,,,,
DDG,2023,ZA1KMNAJMVT3,5,,,,,,,,,,,
DDG,2024,ZA1KMNAJMVT3,1,,,,,,,,,,,
DDG,2025,ZA1KMNAJMVT3,3,,,,,,,,,,,
DDG,2026,ZA1KMNAJMVT3,1,,,,,,,,,,,
DDG,2015,ZE1KT2MPBGM3,1,,,,,,,,,,,
DDG,2016,ZE1KT2MPBGM3,2,,,,,,,,,,,
DDG,2018,ZFN2JJXBLZT3,1,,,,,,,,,,,
DDG,2019,ZFN2JJXBLZT3,4,,,,,,,,,,,
DDG,2020,ZFN2JJXBLZT3,3,,,,,,,,,,,
DDG,2013,ZJYJB7MBFE56,5,,,,,,,,,,,
DDG,2022,ZJYJB7MBFE56,1,,,,,,,,,,,
DDG,2023,ZJYJB7MBFE56,3,,,,,,,,,,,
DDG,2024,ZJYJB7MBFE56,8,,,,,,,,,,,
DDG,2025,ZJYJB7MBFE56,2,,,,,,,,,,,
DDG,2013,ZLM5NQE8LSR8,1,,,,,,,,,,,
DDG,2014,ZLM5NQE8LSR8,1,,,,,,,,,,,
DDG,2015,ZLM5NQE8LSR8,1,,,,,,,,,,,
DDG,2016,ZLM5NQE8LSR8,1,,,,,,,,,,,
DDG,2017,ZLM5NQE8LSR8,1,,,,,,,,,,,
DDG,2019,ZLM5NQE8LSR8,4,,,,,,,,,,,
DDG,2021,ZLM5NQE8LSR8,1,,,,,,,,,,,
DDG,2018,ZMBFGXHLGLM3,10,,,,,,,,,,,
DDG,2019,ZMBFGXHLGLM3,2,,,,,,,,,,,
DDG,2013,ZQ11WUWJGAA4,3,,,,,,,,,,,
DDG,2013,ZSJFXM833NA3,1,,,,,,,,,,,
DDG,2014,ZSJFXM833NA3,1,,,,,,,,,,,
DDG,2016,ZSJFXM833NA3,1,,,,,,,,,,,
DDG,2016,ZTAFBECM35Z6,1,,,,,,,,,,,
DDG,2016,ZTBRMLGP4JF5,2,,,,,,,,,,,
DDG,2021,ZU51LS7JZ8L5,1,,,,,,,,,,,
DDG,2022,ZU51LS7JZ8L5,1,,,,,,,,,,,
DDG,2023,ZU51LS7JZ8L5,2,,,,,,,,,,,
DDG,2025,ZU51LS7JZ8L5,1,,,,,,,,,,,
DDG,2014,ZVCNH5GL1Z83,1,,,,,,,,,,,
DDG,2015,ZVCNH5GL1Z83,2,,,,,,,,,,,
DDG,2016,ZVCNH5GL1Z83,1,,,,,,,,,,,
DDG,2020,ZVKEBJ4HQHB8,1,,,,,,,,,,,
DDG,2021,ZVKEBJ4HQHB8,1,,,,,,,,,,,
DDG,2023,ZVKEBJ4HQHB8,1,,,,,,,,,,,
DDG,2025,ZVKEBJ4HQHB8,1,,,,,,,,,,,
DDG,2013,ZW3UMG9YVNA9,3,,,,,,,,,,,
DDG,2014,ZW3UMG9YVNA9,5,,,,,,,,,,,
DDG,2015,ZW3UMG9YVNA9,2,,,,,,,,,,,
DDG,2016,ZW3UMG9YVNA9,6,,,,,,,,,,,
DDG,2017,ZW3UMG9YVNA9,2,,,,,,,,,,,
DDG,2018,ZW3UMG9YVNA9,2,,,,,,,,,,,
DDG,2019,ZW3UMG9YVNA9,7,,,,,,,,,,,
DDG,2020,ZW3UMG9YVNA9,10,,,,,,,,,,,
DDG,2021,ZW3UMG9YVNA9,14,,,,,,,,,,,
DDG,2022,ZW3UMG9YVNA9,3,,,,,,,,,,,
DDG,2023,ZW3UMG9YVNA9,7,,,,,,,,,,,
DDG,2024,ZW3UMG9YVNA9,10,,,,,,,,,,,
DDG,2025,ZW3UMG9YVNA9,6,,,,,,,,,,,
DDG,2026,ZW3UMG9YVNA9,3,,,,,,,,,,,
DDG,2016,ZZG5TB4JCKE1,1,,,,,,,,,,,
DDG,2017,ZZG5TB4JCKE1,1,,,,,,,,,,,
DDG,2020,ZZG5TB4JCKE1,1,,,,,,,,,,,
