Subawardee UEI,Capability Domain (D),Capability Domain Basis,Capability Domain URLs,Primary Output (P),Primary Output Basis,Primary Output URLs
C12YPM9YKQA5,D7,"Flowmeters, dew-point indicators and gas analyzers are process-instrumentation components.","https://www.panametrics.com/
https://www.bakerhughes.com/panametrics",P0,No public source ties a particular Panametrics measurement instrument to DDG-51 construction.,https://www.panametrics.com/; https://www.bakerhughes.com/panametrics/flow-meters; https://www.bakerhughes.com/panametrics/flowmeters/process-flowmeters/ultrasonic-inline-flowmeters
C7QHHMJEALN1,D7,Shipboard wire and cable are component-level power/signal interconnect.,"https://monroecableusa.com/
https://wirenet.org/listings/the-monroe-cable-company-inc/",P2,"Shipboard wire/cable is a finished installation component supplied for routing/termination, not raw metal stock.",https://govtribe.com/vendors/the-monroe-cable-company-dot-inc-dot-9r393; https://www.highergov.com/awardee/the-monroe-cable-company-inc-10014620/; https://wirenet.org/listings/the-monroe-cable-company-inc/
C7RWMXEE6SD3,D5,Chilled-water air-conditioning plants and HESC chillers are HVAC/thermal equipment.,"https://www.johnsoncontrols.com/marine-and-navy/hvac-solutions
https://www.highergov.com/contract-opportunity/johnson-controls-navy-systems-jcns-high-efficien-22-mmm-093-p-34e9d/",P3,HESC chilled-water air-conditioning plants/chillers are functional shipboard HVAC equipment units.,https://www.highergov.com/contract-opportunity/johnson-controls-navy-systems-jcns-high-efficien-22-mmm-093-p-34e9d/; https://www.highergov.com/contract/N6449824C4002/; https://www.highergov.com/contract/N6449825D4018-N6449826FX037/
CFXRGJSB9UB6,D3,Shock-hardened circuit breakers and switchgear protect/distribute ship service power.,"https://govtribe.com/vendors/spd-electrical-systems-inc-dot-30086
https://www.leonardodrs.com/what-we-do/products-and-services/circuit-breakers/",P3,"Circuit breakers, switchgear, and power-distribution equipment are functional electrical protection/distribution units.",https://sam.gov/opp/7d72a86e8fb747c6a2bb38b7dd5761bc/view; https://www.asdnews.com/news/defense/2016/03/17/l3-provide-power-node-control-center-us-navy-destroyer-program; https://www.nsrp.org/wp-content/uploads/2016/11/3-Safer-Inspection-Public.pdf
D2J1SSHB5EB7,D4,Sediment strainers and automatic backflushing strainers are fluid filtration hardware.,"https://www.hellanstrainer.com/strainers/hellan-online-cleanable-strainers/hellan-automatic/
https://www.hellanstrainer.com/",P3,Automatic backflushing strainers are functional filtration equipment; strainer elements do not make it a configured system.,https://www.highergov.com/nsn/4730014752135/; https://www.lqlite.com/NSN/4730-01-343-3680; https://www.wbparts.com/rfq/4730-01-475-2135.html
DQ35GXAUTW61,D11,"[MECE 2026-06-20: D9->D11 firm-level reclassification, ship application determinable] Abrasive blasting, surface preparation and protective coatings are specialty material/process work.","https://www.navsea.navy.mil/Portals/103/Documents/SSRAC/NSI/FY21/FY21%20NSI%20Finals/009-32_FY21_pkg.pdf
No company-specific public URL source located for the DDG role.",P6,"The handoff is abrasive blasting, surface preparation, and coating/painting labor rather than a finished ship article.",https://industrialcorrosion.com/
DWUHNL9BC3U7,D4,Compressed-air dehydrators and chlorinators treat shipboard air/fluid pressure systems.,"https://www.howelllabs.com/product-category/compressed-air-treatment/
https://www.howelllabs.com/product-category/water-treatment/seawater-treatment/chlorinators/
https://www.howelllabs.com/company/history/",P3,Compressed-air dehydrators and electrochemical chlorinators are bounded functional treatment equipment units.,https://www.howelllabs.com/wp-content/themes/howelllabs/library/download/1.pdf; https://www.howelllabs.com/wp-content/themes/howelllabs/library/download/63.pdf; https://www.howelllabs.com/product-category/compressed-air-treatment/membrane-air-dehydrators/
E83TNKA9JCY6,D5,Electrostatic air cleaners and filtration units condition/clean shipboard air.,"https://docs.johnsoncontrols.com/airdistribution/api/khub/documents/9H8Lje6B0ehsuov86eopZw/content
https://www.trioniaq.com/",P0,No public source identifies a Trion/Air Systems component installed during DDG-51 construction.,https://www.trioniaq.com/; https://www.airdistribution.com/
EDNNTCM7SUS8,D9,"Ship preservation, blasting and protective coating removal/application are specialty coating processes.","https://www.imiallc.com/services/preservation/
https://govtribe.com/vendors/international-marine-and-industrial-applicators-llc-50vu1",P6,"The role is ship preservation, coating removal/application, and structural repair support labor.",https://www.ndia.org/-/media/sites/ndia/meetings-and-events/2025/9/usw-fall/2025-usw-fall-program_final.pdf; https://www.navsea.navy.mil/Portals/103/Documents/Small_Business_Forum/NAVSEA%20Enterprise%20LRAE%20June%20FY25_Final%20Locked.xlsx
ELC5EVMWFVM8,D8,SLAD quick-disconnect switch and weldment handle are davit/deck-machinery hardware.,"https://www.lakeshoresys.com/marine-and-defense/cranes/
https://sam.gov/opp/d96a6580660c40c199779fc51724f9be/view",P2,Quick-disconnect switch and weldment-handle items for the SLAD are fit-ready deck-machinery components.,https://www.lakeshoresys.com/marine-and-defense/cranes/; https://www.highergov.com/contract-opportunity/boat-davit-parts-n50054-18-t-0021-r-d05a0/
ENNXJDZUYCK3,D7,Shipboard electrical/fiber-optic cable and cable assemblies are interconnect hardware.,"https://www.marmon-ad.com/shipboard/low-smoke/defense-link-navsea-approved
https://www.marmon-ad.com/shipboard/dry-block",P2,"Shipboard cable and cable assemblies are finished fit-ready electrical/fiber-optic components, not raw material.",https://www.highergov.com/awardee/marmon-aerospace-defense-llc-10430473/; https://www.marmon-ad.com/
EV4ZGUNNKMJ6,D1,"Ship repair, alterations and fabrication indicate marine structural fabrication capability.","https://govtribe.com/vendors/pacific-ship-repair-fabrication-inc-dot-6q476
https://www.marinelogbuyersguide.com/company/847333/pacific-ship-repair-fabrication-inc",P6,"The confirmed DDG work is maintenance, repair, alteration, and fabrication service rather than a new-construction article.",https://www.usaspending.gov/award/CONT_AWD_N0002412C4400_9700_-NONE-_-NONE-; https://govtribe.com/vendors/pacific-ship-repair-fabrication-inc-dot-6q476; https://www.marinelink.com/news/modification-contract372221
EVZMB1757DW5,D1,Structural-steel fabrication is hull/structural marine fabrication.,"https://www.steelfab-inc.com/
https://www.northernedgeadvisors.com/deal/steelfab-inc/",P0,A DDG subcontract is recorded but no delivered item or work package is identified.,https://www.steelfab-inc.com/; https://app.g2xchange.com/companies/EVZMB1757DW5
F42BKS7EHCL8,D3,"Naval power-conversion electronics, transformers and power supplies are electrical power hardware.","https://govtribe.com/vendors/ems-development-corporation-51435
https://www.actpower.com/blog/naval-power-supplies-advanced-conversion-technology/",P0,The DDG line item is not expanded and no specific EMS product-to-subaward match is confirmed.,https://www.highergov.com/subcontract/N0002418C2307-11155-0/
FCK2D4PSV1L2,D4,Blackmer pumps and related relief-valve kits are fluid-system hardware.,"https://www.blackmerpumps.com/products/451415-relief-valve
https://www.psgdover.com/blackmer/products/ancillary-equipment/air-valve-kits",P3,Blackmer pumps and relief-valve pump hardware are functional fluid-handling units.,https://www.psgdover.com/docs/default-source/blackmer-docs/parts-lists/103-a12.pdf; https://www.psgdover.com/blackmer
FG7CGCHSNML9,D0,Security-screening product line lacks a credible DDG ship-construction technical role.,"https://www.leidos.com/insights/leidos-acquire-l3harris-technologies-security-detection-and-automation-businesses
https://us-indiaacp.com/downloads/member-profile/l3-.pdf",P0,The entity’s known security-screening product line has no credible DDG-51 ship-construction role.,https://www.leidos.com/products/security-detection; https://www.asap-aerospace.com/rfq/l-3-communications-corporation/6350001316579/ich8d3/
FGNQE3RF1FK5,D4,Butterfly/gate valves and replacement parts control shipboard piping systems.,"https://www.morpac.com/actuators/valves/valve-90-degree.shtml
https://jamoody.com/exclusive-nationwide-repair-center-for-morpac-navy-actuators/",P3,"Butterfly/gate valve assemblies are functional fluid-control equipment, even when shipped with replacement parts.",https://www.wbparts.com/rfq/4810-01-420-7947.html; https://www.parttarget.com/Morpac-Industries-Inc_nsn-parts_10015-1_10008-ITEM-2.html
FLMQAKFEMG64,D5,Fuel immersion/flange heaters transfer heat into shipboard fuel systems.,"https://indeeco.com/wp-content/uploads/2022/08/C21-2_-_Electric_Heaters_for_Naval_and_Marine_Applications.pdf
https://indeeco.com/news/2014/12/23/marine-heaters-for-military-use/",P3,Fuel immersion/flange heaters with sensing/control hardware are functional heating equipment units.,https://indeeco.com/products/category/industrial/immersion-heaters/; https://indeeco.com/wp-content/uploads/2022/09/Electric_Immersion_Heater_Catalog.pdf; https://indeeco.com/products/industrial/specialty-heating/marine-heating/fluid-heating-equipment/
FLQJXSFMNQP6,D9,Forged anchor chain and connecting links reflect a forging/material-process specialty.,"https://listerchain.com/
https://listerchain.com/products-services/",P2,"Finished anchor chain, connecting links, and chain fittings are fit-ready anchoring/mooring components.",https://www.highergov.com/awardee/lister-chain-and-forge-inc-10005895/; https://magazines.marinelink.com/Magazines/MaritimeReporter/198902/content/long-outlook-shipbuilding-200910; https://magazines.marinelink.com/magazines/MaritimeReporter/199205/pdf/
FRJQGQHDX4J3,D6,Secure tactical communications electronics are system-level communications equipment.,"https://www.l3harris.com/all-capabilities/integrated-tactical-communication-systems
https://www.l3harris.com/all-capabilities/family-maritime-shipboard-terminals-mst",P0,No public evidence identifies a distinct DDG-51 construction item for this communications-electronics UEI.,https://www.l3harris.com/all-capabilities/tactical-communications; https://www.l3harris.com/; https://www.sec.gov/Archives/edgar/data/202058/000162828018012767/0001628280-18-012767.txt
FZPYZ11SFNA6,D2,Philadelphia Gear main reduction gears transmit DDG-51 propulsive power.,"https://news.timken.com/2023-02-21-Timken-to-Continue-to-Provide-Main-Reduction-Gears-for-U-S-Navy-Arleigh-Burke-DDG-51-Class-Ships
https://www.philagear.com/industries/marine/military-marine/",P3,Main reduction gears are acceptance-testable propulsion machinery; co-delivered gear shipsets do not create a configured P4 system.,https://news.timken.com/2023-02-21-Timken-to-Continue-to-Provide-Main-Reduction-Gears-for-U-S-Navy-Arleigh-Burke-DDG-51-Class-Ships; https://www.timken.com/timken-world/powering-naval-ships-for-decades-of-service/; https://news.timken.com/2016-02-15-Timken-Receives-Gear-Contract-From-US-Department-of-Defense
G78MQ69BN636,D7,"Pressure switches, control panels and electromechanical parts are component-level instrumentation/electronics.","https://www.highergov.com/awardee/aircraft-appliances-and-equipment-limited-10112412/
https://aaeltd.com/lube-oil-filter-separator/
https://www.wbparts.com/rfq/5930-01-173-0824.html",P3,Pressure switches/control panels/power panels are bounded electromechanical control or power units.,https://publications.gc.ca/collections/collection_2019/isde-ised/Iu41-9-1992-eng.pdf
GKPGD2F1LKL5,D9,"Large open-die forgings, shafts and rotors are material/process-specialty products.","https://www.ellwoodgroup.com/markets/marine
https://www.ellwoodcityforge.com/",P1,Large open-die forgings/shaft or rotor forgings are unfinished inputs requiring downstream machining.,https://www.ellwoodcityforge.com/; https://www.ellwoodcityforge.com/products/shafts-and-rotors; https://www.ellwoodgroup.com/markets/marine
GXPHJRVG9MR7,D3,"Naval transformers, switchboards, load centers and power-conditioning equipment distribute ship service power.","https://www.leonardodrs.com/what-we-do/products-and-services/marine-switchboards-and-loadcenters/
https://www.leonardodrs.com/locations/naval-power-systems-menomonee-falls-wi/",P3,"Transformers, switchboards/load centers, and power-conditioning equipment are functional power-distribution units at handoff.",https://www.leonardodrs.com/what-we-do/products-and-services/marine-switchboards-and-loadcenters/
H1PAVTLJBJ88,D4,"Fire-suppression valves, nozzles, sprinklers and foam-system products control extinguishing fluids.","https://www.tyco-fire.com/products-and-solutions/sprinklers-nozzles-and-accessories
https://www.tyco-fire.com/products-and-solutions/valves-devices-and-components",P3,"Fire-protection valves, nozzles, sprinklers, and related components are functional suppression-system equipment at component level.",https://www.tyco-fire.com/; https://www.perimeter-solutions.com/wp-content/uploads/2022/01/PERI1135_Foam_Design_Manual_v5.pdf
H4ZMPGLLZ8D9,D2,"Propeller, intermediate and stern-tube shafting are propulsion power-transmission components.","https://collinsmachine.com/service/marine-shafting-components/
https://www.highergov.com/awardee/art-craft-fabricators-inc-10011917/",P2,"Propeller, intermediate, and stern-tube shafts are finished shafting components installed into the propulsion line.",https://govtribe.com/vendors/artcraft-fabricators-inc-dot-collins-machine-works-3g600; https://www.highergov.com/awardee/art-craft-fabricators-inc-10011917/
HLE1E2KALJA5,D3,Naval specialty transformers and power-distribution equipment are ship-service electrical hardware.,"https://www.l3harris.com/all-capabilities/marine-power-distribution
https://www.highergov.com/awardee/l3harris-maritime-power-energy-solutions-inc-10423117/",P3,Naval transformers and power-distribution equipment are bounded functional electrical units.,https://www.l3harris.com/all-capabilities/military-specification-switchboards-and-load-centers; https://www.l3harris.com/all-capabilities/power-distribution-panels-control-console-workstation-and-panel-boards
HLFDNJU7KXJ1,D3,Automatic transfer-switch and power-control modules distribute/protect electrical power.,"https://www.usni.org/magazines/proceedings/2005/august/naval-systems-advanced-power-devices-fielded-fleet
https://www.parttarget.com/Bogue-Systems-Inc_nsn-parts_A-57289_DG-0245-01.html",P3,Automatic transfer-switch/power-control assemblies are functional electrical-distribution equipment.,https://www.scribd.com/document/891084373/LM-Limited-Source-List-Dec-2018-20181211; https://boguesystems.com/
HLVBPCA2LH41,D2,Controllable-pitch propeller hubs and oil-distribution boxes are propulsion/propulsor hardware.,"https://www.highergov.com/idv/N6449820D4000/
https://www.rolls-royce.com/media/press-releases/2020/24-06-2020-rr-secures-us-navy-contracts-totalling.aspx",P2,"Controllable-pitch propeller hub/oil-distribution-box work is delivered as fit-ready propulsor components, not a complete functional propulsion unit.",https://www.rolls-royce.com/media/press-releases/2020/24-06-2020-rr-secures-us-navy-contracts-totalling.aspx; https://www.highergov.com/idv/N6449820D4000/; https://magazines.marinelink.com/Magazines/MaritimeReporter/198611/content/birdjohnson-powerful-propellers-201699
HLVNZXU8EAM1,D3,60-Hz to 400-Hz conversion equipment and power magnetics convert/distribute ship service power.,"https://www.marinelink.com/news/paragon-power-wins323122
https://govtribe.com/vendors/power-paragon-inc-dot-power-systems-group-04801",P3,The ACFC-288 frequency converter is a bounded power-conversion unit that performs a defined electrical function.,https://www.marinelink.com/news/paragon-power-wins323122
HNAECT5M9TM4,D0,No DDG item or single ship technical specialty is confirmed for this foreign entity.,"No public DDG-specific URL source located.
https://www.europages.co.uk/companies/portugal/industrial-piping.html",P0,No reliable source identifies a specific DDG-51 item or service for this UEI.,No reliable public URL source found for a DDG-51-specific deliverable.
HUK5MJK4MH39,D4,"Regulating, pressure-reducing and control valves are fluid-control hardware.","https://www.fairbanksmorsedefense.com/solutions/valves/
https://dantevalve.com/blog/valves-ship-building-maintenance/",P3,"Regulating, control, and pressure-reducing valves are functional fluid-control equipment.",https://www.circor.com/brands/leslie-controls; https://www.circor.com/sites/default/files/imported-files/Regulator-Handbook-CIRCOR-Leslie-Controls.pdf; https://govtribe.com/vendors/leslie-controls-inc-dot-35795
HWLGUR28KMS6,D8,Slewing-arm davits and boat launch/recovery gear are deck handling machinery.,"https://www.appletonmarine.com/products/build-to-print/
https://www.appletonmarine.com/",P3,Slewing-arm davits/deck machinery are bounded functional launch-and-recovery equipment.,https://www.appletonmarine.com/products/build-to-print/; https://govtribe.com/opportunity/federal-contract-opportunity/navy-standard-slewing-arm-davits-slads-supply-and-service-n6449819r4076; https://www.highergov.com/contract-opportunity/sources-sought-request-for-information-rfi-navy-n64498-24-rfpreq-pd-43-0205-r-fb00d/
HYGLK2BNFKB3,D2,The entity’s differentiating competence is diesel-engine prime movers.,"https://www.mtu-solutions.com/na/en/applications/power-generation/power-generation-products/diesel-generator-sets.html
https://www.mtu-solutions.com/na/en/applications/commercial-marine/system-solutions/marine-gensets.html",P0,No public evidence assigns this UEI a distinct DDG-51 new-construction component.,https://govtribe.com/award/federal-idv-award/indefinite-delivery-contract-n6449816d0013; https://www.mtu-solutions.com/na/en.html
J1T1FEN3PWX6,D2,LM2500 gas turbines are DDG-51 main-propulsion engines.,"https://www.geaerospace.com/news/press-releases/ge-aerospace-secures-orders-lm2500-marine-gas-turbines-power-next-generation-arleigh
https://www.surflant.usff.navy.mil/Organization/Operational-Forces/Destroyers/Destroyer-Ship-Class-DDG-Info-Page/",P3,LM2500 gas turbines are bounded propulsion-engine units that perform a defined function once installed/connected.,https://www.geaerospace.com/news/press-releases/marine-industrial-engines/ge-delivers-lm2500-gas-turbines-us-navys-ddg-80-arleigh; https://www.surflant.usff.navy.mil/Organization/Operational-Forces/Destroyers/Destroyer-Ship-Class-DDG-Info-Page/
J3AFGKXWYK73,D5,York operation is tied to shipboard HVAC/refrigeration equipment.,"https://www.johnsoncontrols.com/marine-and-navy/hvac-solutions
https://www.calnetix.com/newsroom/press-release/calnetix-technologies-supplies-key-components-for-new-u-s-navy-chiller-system/",P0,"The DDG-51 handoff cannot be separated from the affiliated Johnson Controls Navy Systems entity, so no defensible UEI-specific article is assignable.",https://www.calnetix.com/newsroom/press-release/calnetix-technologies-present-paper-new-generation-high-efficiency-super; https://www.calnetix.com/newsroom/press-release/calnetix-technologies-supplies-key-components-new-us-navy-chiller-system; https://www.johnsoncontrols.com/
J645RTMFWMW1,D5,Heat-recovery evaporators/fresh-water generators are desalination/life-support equipment.,"https://www.fairbanksmorsedefense.com/solutions/water-treatment-systems/
https://www.fairbanksmorsedefense.com/solutions/water-treatment-systems/heat-recovery-evaporators/",P3,Fresh-water generator/evaporator units are bounded functional desalination equipment.,https://www.fairbanksmorsedefense.com/app/uploads/2025/07/M1007-1223-Water-Treatment-Product-Catalog-1.pdf
JA2KCX21NL48,D2,"Naval shaft-line, propeller, rudder and stern-tube seal products support propulsion.","https://www.wartsila.com/marine/products/shaft-line-solutions
https://www.wartsila.com/latinamer/media/03-09-2020-matthew-zirkle-joins-wartsila-defense-inc",P2,"Propellers, shaft seals, rudder seals, and stern-tube seals are fit-ready shaft-line/propulsion components.",https://www.wartsila.com/usa/media/local-news/27-04-2012-w%C3%A4rtsil%C3%A4-donates-controllable-pitch-propulsion-system-to-the-united-states-merchant-marine-academy; https://govtribe.com/opportunity/federal-contract-opportunity/major-overhaul-kit-for-ship-repair-spmym216q1326; https://www.highergov.com/contract-opportunity/mx-9-shaft-seal-assembly-n6883623q0295-k-7151d/
JEP5GQGFPUL9,D4,Navy ball and specialty valves are ship-service fluid-system hardware.,"https://www.circor.com/news/circor-brand-portland-valve-announces-50-year-anniversary
https://jamoody.com/inventory-item/navy-ball-valve/",P3,Ship-service ball and specialty valves are functional fluid-control equipment.,https://www.circor.com/news/circor-brand-portland-valve-announces-50-year-anniversary; https://valvemagazine.com/news/vma-welcomes-portland-valve/; https://www.circorpt.com/defense-valve-refurbishment
JLREE96WGKM5,D6,Aegis consoles/displays and Mk 41 launch-control modules are combat-system electronics.,"https://www.leonardodrs.com/news/press-releases/leonardo-drs-receives-62m-contract-for-ship-based-vertical-launch-system-electronics/
https://www.afcea.org/signal-media/contracting/drs-laurel-technologies-producing-missile-launch-controls-navy",P3,"Aegis consoles/displays and VLS launch-control or power-supply modules are functional combat-system electronics units, not a full configured combat system.",https://seawaves.com/wp-content/uploads/2022/09/USN-Contracts-2020-1-1.pdf; https://www.leonardodrs.com/wp-content/uploads/2023/08/drs-catalog-2013-final-online.pdf; https://www.leonardodrs.com/what-we-do/products-and-services/
JRUCKDSNXKD5,D8,Retractable mooring bitts are deck/mooring auxiliary machinery.,"https://entwistleco.com/defense-products/shipboard-machinery-systems/
https://www.highergov.com/contract-opportunity/uss-forrest-sherman-retractable-bitt-kits-n5005422q0012-k-9bdf3/",P2,"Retractable mooring bitts are finished deck fittings/assemblies for installation, not standalone machinery or a system.",https://entwistleco.com/defense-products/shipboard-machinery-systems/; https://navysbir.us/n12_2/N122-129.htm; https://www.highergov.com/contract/N5005423P0030/
JW6PXX1WALN4,D5,Cooling and ventilation fans/blowers are HVAC/ventilation equipment.,"https://www.fairbanksmorsedefense.com/solutions/fans-blowers/
https://www.chartindustries.com/Howden-Products",P3,Cooling and ventilation fans/blowers are bounded functional air-moving equipment.,https://www.fairbanksmorsedefense.com/blog/fairbanks-morse-defenses-american-fan-awarded-contracts-for-u-s-navy-ddg-cooling-and-ventilation-equipment/; https://www.workboat.com/american-fan-secures-contracts-for-ten-guided-missile-destroyers
K574V7KEQUC8,D0,Aerospace-focused entity has no confirmed DDG shipset component or defensible ship domain.,"https://aerospace.circor.com/
https://aerospace.circor.com/products/fluid-controls
https://www.highergov.com/awardee/circor-aerospace-inc-10414129/",P0,No public evidence ties this aerospace UEI to a distinct DDG-51 construction component or shipset role.,https://www.circoraerospace.com/; https://www.asap-aerospace.com/rfq/circor-aerospace-inc/5950010183073/4916/; https://www.parttarget.com/5330-01-309-3622_5330013093622_8457-093.html
KCYPSYNH1M94,D10,"Joiner systems, berths, furnishings and interior barriers are interiors/habitability outfit.","https://www.ship-technology.com/contractors/bulkheads/joiner/
https://www.unisco.com/importers/us-joiner-llc",P2,"Joiner bulkheads, doors, berths, furnishings, and interior barriers are fit-ready interior outfitting components, not a ship module.",https://www.marinelog.com/news/jf-lehman-acquires-us-joiner/; https://leadiq.com/c/us-joiner/5a1d88c22400002400625b92; https://www.murphydev.com/us-joiner-llc-leases-66530-square-feet-at-siempre-viva-business-park-on-otay-mesa/
KHK8QYLFGLU1,D3,"501-K34/MT5S turbines are prime movers for ship-service generator sets, not main propulsion.","https://www.rolls-royce.com/media/our-stories/discover/2017/power-surge-ag9160.aspx
https://www.mtu-solutions.com/na/en/applications/commercial-marine/system-solutions/marine-gensets.html",P3,501-K34/MT5S gas-turbine prime movers are functional engine units used in generator sets.,https://www.rolls-royce.com/media/our-stories/discover/2022/celebrating-50-years-of-delivering-marine-gas-turbine-generators.aspx; https://www.rolls-royce.com/media/our-stories/discover/2017/power-surge-ag9160.aspx; https://asmedigitalcollection.asme.org/GT/proceedings/GT2000/78545/V001T02A013/239184
KLDTZDR12ZB7,D8,"Watertight/ballistic doors, hatches, scuttles and manholes are access/closure auxiliaries.","https://www.juniperindustries.com/
https://www.juniperindustries.com/products/",P2,"Watertight/ballistic/weathertight doors, hatches, scuttles, and ventilation pieces are finished fabricated closure/ventilation components.",https://www.juniperindustries.com/; https://www.juniperindustries.com/doors/; https://www.juniperindustries.com/hatches/
KNEFNMWXBK39,D3,Circuit breakers and electrical-distribution hardware protect/distribute shipboard power.,"https://www.jokell.com/
https://pssra.org/member-spotlight-jo-kell/
https://www.shipserv.com/supplier/profile/s/jo-kell-inc-82970",P3,Circuit breakers and shore-power adapter hardware are functional electrical-distribution/protection units.,https://www.highergov.com/awardee/jo-kell-inc-10001664/; https://www.shipserv.com/ShipServ/pages/profiles/82970/specsheets/0495SS0619w.pdf; https://www.jokell.com/news/jo-kell-earns-certification-for-high-voltage-patton-amp-cooke-couplers
KYURG7LRSC89,D4,Naval pumps and pump aftermarket components move shipboard fluids.,"https://www.warrenpumps.com/
https://www.circor.com/news/circor-brand-warren-pumps-holds-125th-year-anniversary-event
https://www.highergov.com/awardee/circor-naval-solutions-llc-10110392/",P3,"Naval pumps are functional fluid-handling equipment, even when supported by replacement components.",https://www.warrenpumps.com/aftermarket/simsite.htm; https://www.circorpt.com/
LCZDJ6YPNYG6,D0,"Construction/sea-trial fuel is a consumable, not a ship technical/material capability domain.","https://themartincompanies.com/martin-energy-services-llc/
https://govtribe.com/vendors/martin-energy-services-llc-3r839",P1,"Fuel for construction, testing, or sea-trial support is a bulk consumable input at handoff.",https://themartincompanies.com/martin-energy-services-llc/; https://themartincompanies.com/martin-energy-services-llc/marine-fuels/; https://govtribe.com/vendors/martin-energy-services-llc-3r839
LFVJABJDQVZ9,D4,"Distributed valves, pipe/tube, fittings and strainers are fluid/piping materials.","https://www.vytlcontrols.com/company/w-and-o/
https://cdn1.shipserv.com/ShipServ/pages/profiles/221001/documents/8.-WO-Euro-W-O-Marine-Valves_DIN.pdf",P2,The disclosed W&O role resolves to distributor-supplied pipe/fittings/sealing and demineralizer components rather than a configured equipment system.,https://www.vytlcontrols.com/company/w-and-o/; https://pssra.org/member/wo-supply/; https://www.shipserv.com/supplier/profile/s/wo-supply-usa-221001
LGL1LNBH8KM5,D4,"Automatic-control, pressure-reducing and solenoid valves control fluid systems.","https://griswoldcontrols.com/
https://www.svl.com/manufacturer/griswold-controls/balancing-and-control-valves/",P3,"Automatic-control, pressure-reducing, and solenoid valve assemblies are functional fluid-control units.",https://www.navsea.navy.mil/Portals/103/Documents/RMC/NAMTS/57th%20Edition%20NAMTS%20News%20July%202023-Reduced.pdf; https://www.cla-val.com/
LM35HWEVUPH3,D8,The concrete supplied item is a quick-acting watertight door/closure assembly.,"https://aditechnologies.com/mfao/mafodoors.html
https://www.highergov.com/contract-opportunity/uss-green-bay-lpd-20-mafo-quick-acting-watertigh-n5523624q0094-s-dfb79/",P2,"The quick-acting watertight door is a fit-ready closure assembly sourced for installation, not a functional equipment system.",https://aditechnologies.com/mfao/mafodoors.html; https://aditechnologies.com/program-successes/; https://imlive.s3.amazonaws.com/Federal%20Government/ID282946364218737939372645806179502512387/N5523620Q0082%20Redacted%20J-A.pdf
LR2HQKYJLDZ7,D4,Distributed/repaired naval valves and actuators are fluid-system components.,"https://www.vytlcontrols.com/company/w-and-o/
https://moodymarinesvc.com/products-supported/
https://www.highergov.com/awardee/esi-acquisition-corp-10118422/",P3,Distributed valve and actuator assemblies are functional fluid-control equipment at handoff.,https://govtribe.com/award/federal-contract-award/purchase-order-n5005426p0035; https://www.jamoody.com/
M4ANYAZ8Q6H8,D7,"Tank level sensors, transmitters, receivers and indicators are instrumentation components.","https://www.gemssensors.com/level-sensors-switches
https://www.autoctrlsco.com/legacy/products/gems/markets-applications/marine/navy/tank-level/xm36460.html",P3,"Tank level sensors, transmitters, receivers, and indicators are functional measurement/control units.",https://fsg-59-switches-connectors.parttarget.com/switches-LS-12334_LS1444L92.html; https://magazines.marinelink.com/Magazines/MaritimeReporter/198506/content/handling-equipment-review-202892; https://magazines.marinelink.com/magazines/MaritimeReporter/199405/pdf/
M4ELQDG7JLM5,D4,Centrifugal pumps and pump overhaul parts move shipboard fluids.,"https://www.buffalopumps.com/markets-applications/navy-marine/
https://www.buffalopumps.com/products/navy-and-marine-duty-pumps/",P3,Centrifugal pumps/OEM pump units are functional fluid-handling equipment once connected.,https://www.navsea.navy.mil/Portals/103/Documents/SSRAC/4E/FY26/FY26_4E_PKG_01OCT2024.pdf; https://www.buffalopumps.com/products/navy-and-marine-duty-pumps/; https://www.buffalopumps.com/
MC77SUMRLXY5,D4,"Gate, globe, check and ball valves are fluid/piping-control hardware.","https://www.milwaukeevalve.com/product-category/marine-valves/
https://www.milwaukeevalve.com/product-category/marine-valves/navy-mil-standard-valves/",P3,"Gate, globe, check, and ball valves are bounded functional piping-control units.",https://www.highergov.com/awardee/milwaukee-valve-co-inc-10108548/; https://www.asapsemi.com/nsn/rfq/milwaukee-valve-company-inc/4820014799588/1281-006-3-41n/; https://www.lqlite.com/NSN/4820-01-479-9583
MD21J51WM123,D4,"Legacy Tyco role is fire-protection equipment, i.e., suppression fluid/agent hardware.","https://www.tyco-fire.com/
https://www.tyco-fire.com/products-and-solutions/valves-devices-and-components",P0,The legacy Tyco UEI’s operating site and exact DDG-51 fire-protection component cannot be confirmed.,https://www.tyco-fire.com/; https://www.perimeter-solutions.com/wp-content/uploads/2022/01/PERI1135_Foam_Design_Manual_v5.pdf
MDH6KH9D4SG7,D3,"Automatic bus-transfer switches, transformers and switch components distribute electrical power.","https://www.se.com/us/en/product-subcategory/89175-automatic-transfer-switches/
https://www.power-solutions.com/power-dstr/asco-power-technologies/asco-power-transfer-switches/asco-low-voltage-automatic-transfer-switch/",P3,Automatic bus-transfer-switch assemblies are functional electrical distribution/control equipment.,https://www.se.com/us/en/product-subcategory/89175-automatic-transfer-switches/; https://www.gotpower.com/wp-content/uploads/2024/08/ASCO-series300-power-transfer-switches.pdf; https://www.globalpwr.com/brand/asco/
MEMSWT1LFU18,D8,Helicopter-hangar door systems are specialty access/deck auxiliary machinery.,"https://www.jered.com/products/specialty-access-sideport-shell-doors/
https://www.highergov.com/contract-opportunity/ddg-helicopter-hangar-door-parts-n5523623q0176-r-9c695/",P3,"The helicopter-hangar door system is a bounded electromechanical door-equipment unit, not a ship zone/module.",https://www.jered.com/products/specialty-access-sideport-shell-doors/
MKXMUFJJYLY5,D3,"Naval motor controllers, control components and overload relays are electrical power/motor-control hardware.","https://www.fairbanksmorsedefense.com/solutions/controllers/
https://www.fairbanksmorse.com/hubfs/Terms%20and%20Conditions/Ward%20Leonard/Ward%20Leonard%20DoD%20Quick%20Reference%20Card.pdf",P3,"Motor-controller equipment, motors, and associated controls are bounded functional electromechanical units.",https://www.businesswire.com/news/home/20210105005632/en/Fairbanks-Morse-Acquires-Ward-Leonard; https://www.fairbanksmorsedefense.com/; https://man.fas.org/dod-101/sys/ship/weaps/docs/cg_03-91.html
MMDRDDVELDX8,D4,Globe/stop/check and relief valves are shipboard fluid-control components.,"https://dantevalve.com/
https://dantevalve.com/blog/naval-valves/
https://dantevalve.com/product/danco-d48duu/",P3,Globe/stop/check and relief-valve assemblies are functional fluid-control units.,https://www.highergov.com/subcontract/N0002418C2307-07687-18; https://dantevalve.com/; https://fsg-53-abrasive-fasteners-hardware.parttarget.com/coil-flat-leaf-wire-springs-SCB83184_SPR-A-14447.html
MP5UJHMEHFV1,D5,Procurement signal ties this UEI to marine HVAC/Johnson Controls equipment.,"https://www.tridentllc.com/
https://www.johnsoncontrols.com/marine-and-navy/hvac-solutions",P0,"The DDG equipment package cannot be distinguished from operating subsidiaries, making the UEI-level handoff unresolved.",https://www.tridentllc.com/; https://www.tridentllc.com/solutions; https://www.jflco.com/portfolio-details/5/lake-shore-systems
N5KMLMXEPFM5,D5,Reverse-osmosis desalination/water-purification systems provide potable/life-support water.,"https://www.parker.com/us/en/divisions/water-purification/industries/commercial-marine.html
https://www.parker.com/content/dam/Parker-com/Literature/Water-Purification/Village-Marine/Defense/7845mil.bro09.lr.pdf",P3,Reverse-osmosis desalination/water-purification units are functional shipboard water-treatment equipment.,https://www.parker.com/content/dam/Parker-com/Literature/Water-Purification/Village-Marine/Defense/7845mil.bro09.lr.pdf; https://www.parker.com/content/dam/Parker-com/Literature/Water-Purification/Village-Marine/7873capabilites_bro.pdf
N6P1AGPMV456,D4,"Vacuum toilets, blackwater collection and sewage-pumping hardware are sanitary fluid systems.","https://evac.com/solutions/vacuum-collection/
https://govtribe.com/vendors/evac-north-america-inc-dot-47wd8",P3,"Vacuum toilets, blackwater collection equipment, and sewage-pumping hardware are functional sanitary-system equipment.",https://govtribe.com/vendors/evac-north-america-inc-dot-47wd8; https://marinevac.com/downloads/EVACcatalogue2016.pdf; https://www.militarytimes.com/2013/03/21/carrier-bush-suffers-widespread-toilet-outages/
N9DVRB18H324,D9,Propulsion shaft forgings/shaft components are supplied by a forging-process specialist.,"https://www.ellwoodcityforge.com/
https://www.ellwoodnationalforge.com/capabilities/forging/",P1,"Propulsion shaft forgings/shaft components are described as open-die forgings, indicating unfinished forging-stage inputs.",https://www.ellwoodnationalforge.com/capabilities/shafting/; https://www.ellwoodcityforge.com/; https://www.ellwoodgroup.com/markets/marine
NL7RNBHWHJQ1,D6,"Secure shipboard terminals, telephones, headsets and electronics are communications systems.","https://www.leonardodrs.com/locations/drs-technologies-canada-ottawa-ontario/
https://www.leonardodrs.com/wp-content/uploads/2023/08/drs-technology-spotlight.pdf",P3,"Shipboard terminals, telephones, headsets, and naval communications electronics are functional equipment units, not an integrated comms system.",https://www.usni.org/magazines/proceedings/2006/february/now-hear-if-you-can; https://www.sec.gov/Archives/edgar/data/28630/000104746908007086/a2185895z10-k.htm; https://www.leonardodrs.com/wp-content/uploads/2023/08/drs-catalog-2013-final-online.pdf
NQKEVF8KEMP1,D3,Rugged power-conversion equipment and shipboard power supplies are electrical power hardware.,"https://www.leonardodrs.com/locations/naval-electronics-pivotal-power-bedford-nova-scotia/
https://www.leonardodrs.com/what-we-do/our-solutions/power-propulsion/power-conversion-ups/",P3,Shipboard power supplies are functional power-conversion/distribution equipment units.,https://www.naval-technology.com/contractors/maritime-subsystems/pivotal/; https://www.highergov.com/contract/SPE7M025P2403/; https://govtribe.com/vendors/pivotal-power-inc-dot-drs-pivotal-power-38370
PJRYS7EFXQD9,D4,Marine ball and check valves are shipboard piping/fluid-control hardware.,"https://www.bnl.com/marine-market/
https://www.bnl.com/files/2515/1795/4363/BNL_Catalog.pdf
https://www.wbparts.com/rfq/4820-01-449-5869.html",P3,Marine ball and check valves are functional piping-control units.,https://www.bnl.com/files/2515/1795/4363/BNL_Catalog.pdf
PQGNEEY9W5M3,D6,Integrated Bridge and Navigation System steering-control hardware is system-level navigation/control.,"https://investor.northropgrumman.com/news-releases/news-release-details/northrop-grumman-provide-integrated-bridge-navigation-and
https://investor.northropgrumman.com/news-releases/news-release-details/northrop-grumman-supply-steering-gear-systems-arleigh-burke",P3,The IBNS aft steering-control unit is a bounded control-hardware unit rather than the full integrated navigation/bridge system.,https://investor.northropgrumman.com/news-releases/news-release-details/northrop-grumman-provide-integrated-bridge-navigation-and; https://investor.northropgrumman.com/news-releases/news-release-details/northrop-grumman-supply-steering-gear-systems-arleigh-burke
Q35JL9GFCAK3,D4,Engineered fluid-control valves and manifolds are pressure/piping-system hardware.,"https://marotta.com/products/flow-controls/
https://marotta.com/products/flow-controls/shipboard-controls/",P3,Engineered valves/manifolds are delivered as functional fluid-control units.,https://marotta.com/; https://www.marotta.com/capabilities/controls-and-power/; https://www.marotta.com/markets/marine/
QGB4RDYJNJT9,D9,Open-die steel forgings/forged shafting reflect a material-process specialty.,"https://www.ellwoodnationalforge.com/capabilities/forging/
https://www.ellwoodnationalforge.com/markets-served/shipbuilding/",P1,Large open-die forgings/forged shafting are forging-stage inputs that require downstream machining/finishing.,https://www.ellwoodnationalforge.com/capabilities/forging/; https://www.ellwoodgroup.com/markets/marine
QKJUKKE5WPA8,D1,Outfitted structural units and hull modules are ship structural fabrication.,"https://www.workboat.com/gulf-copper-expands-work-with-huntington-ingalls-on-arleigh-burke-class-destroyers
https://www.marinelog.com/shipbuilding/shipyards/shipyard-news/gulf-copper-in-new-agreement-to-support-ingalls-with-outfitted-structural-units/",P5,Outfitted structural units and hull modules are transferred as shipbuilding structures/modules.,https://www.workboat.com/gulf-copper-expands-work-with-huntington-ingalls-on-arleigh-burke-class-destroyers; https://www.marinelog.com/shipbuilding/shipyards/shipyard-news/gulf-copper-in-new-agreement-to-support-ingalls-with-outfitted-structural-units/; https://www.chron.com/gulf-coast/article/galveston-shipyard-navy-destroyers-contract-21155901.php
QNEXJLA47BM4,D10,"Marine furniture, accommodation fittings and interior packages are interiors/habitability outfit.","https://www.jmms.com/
https://www.workboat.com/press-releases/jamestown-metal-offshore-living-quarters-marine-interior-outfitting",P2,"Marine furniture, accommodation fittings, and joiner/interior packages are fit-ready outfitting components rather than major modules.",https://www.nist.gov/system/files/documents/el/msid/3-Robinson.pdf; https://www.jamestownmetal.com/
QNF5KM7YJSN7,D1,"Welding, fabrication and ship-repair/warranty work indicate hull/structural marine fabrication.","https://www.southcoastwelding.net/services/welding-shipfitting/
https://govtribe.com/vendors/southcoast-welding-manufacturing-llc-3yxd4",P6,"The described DDG role is welding, fabrication, ship-repair, and warranty support rather than a confirmed delivered article.",https://www.southcoastwelding.net/services/welding-shipfitting/; https://www.southcoastwelding.net/; https://govtribe.com/vendors/southcoast-welding-manufacturing-llc-3yxd4
QV38GMJUBJQ3,D0,"Broad multi-trade installation labor spans welding, pipefitting, painting and equipment installation.","https://www.highergov.com/awardee/l3harris-maritime-services-inc-10111066/
https://www.l3harris.com/all-capabilities/maritime-fabrication-and-prototyping",P6,The role is shipyard production labor and installation services rather than equipment manufacturing.,https://www.highergov.com/awardee/l3harris-maritime-services-inc-10111066/; https://www.virginiashiprepair.org/MemberProfile/146/L3Harris-Maritime-Services; https://govtribe.com/vendors/l-3-unidyne-inc-dot-34246
QYKAR7MJJXL7,D7,Ionization smoke detectors are component-level sensing/electronic devices.,"https://www.ndt.org/vendor.asp?ObjectID=43795
https://www.meggitt.com/products-services/fire-overheat-detectors/",P3,Ionization smoke detectors are bounded functional sensing/alarm units once connected to ship systems.,https://sam.gov/opp/ae2c10b8860c45d3999282bdceccd24a/view; https://www.parttarget.com/Meggitt-Safety-Systems-Inc_nsn-parts_905087-01_244-14322.html
RMLGMBGNPCC8,D2,Hydrodynamic thrust and journal bearings support propulsion shaft lines/rotating machinery.,"https://www.kingsbury.com/marine/
https://www.kingsbury.com/",P2,Hydrodynamic thrust and journal bearings are finished components incorporated into propulsion shaft lines/rotating machinery.,https://www.kingsbury.com/marine/; https://www.parttarget.com/5330-01-513-4551_5330015134551_MID-7-511X561X22.html; https://enginemechanics.tpub.com/14111/css/Main-Thrust-Bearing-Clearance-Measurements-98.htm
SKKACASET588,D6,Shipboard communications/navigation/switching equipment is system-level communications/control.,"https://www.dynalec.com/products
https://www.dynalec.com/capabilities
https://www.dynalec.com/products/announcing-and-intercom",P3,Shipboard communications/navigation/switching units are functional electronics equipment absent evidence of a configured integrated comms system.,https://www.dynalec.com/; https://www.dynalec.com/products; https://www.dynalec.com/products/announcing-and-intercom
SLD5KEGGLLZ3,D5,Provides Navy HVAC/refrigeration and chilled-water air-conditioning plants.,"https://www.highergov.com/contract-opportunity/johnson-controls-navy-systems-jcns-high-efficien-22-mmm-093-p-34e9d/
https://govtribe.com/opportunity/federal-contract-opportunity/johnson-controls-navy-systems-jcns-high-efficiency-super-capacity-hesc-air-conditioning-plants-22mmm093
https://www.johnsoncontrols.com/marine-and-navy/hvac-solutions",P3,"Shipboard HVAC/R and HESC chilled-water air-conditioning plants are functional equipment units, not outfitted modules.",https://www.highergov.com/contract-opportunity/johnson-controls-navy-systems-jcns-high-efficien-22-mmm-093-p-34e9d/; https://www.calnetix.com/newsroom/press-release/calnetix-technologies-present-paper-new-generation-high-efficiency-super; https://www.calnetix.com/newsroom/press-release/calnetix-technologies-supplies-key-components-new-us-navy-chiller-system
SSD8KRDXKG46,D4,Halon/fire-suppression valves and suppression-system hardware control extinguishing fluids/gases.,"https://hillerfire.com/applications/marine-fire-protection/
https://hillerfire.com/applications/marine-fire-protection/gaseous-agent-fire-suppression-systems/",P3,The identified stop-check valve/fire-protection hardware is functional shipboard fluid-control equipment at handoff.,https://www.highergov.com/nsn/4820014492993/; https://hillerfire.com/
T2VFE1NGR3G5,D6,"Military training, control, communications and wireless electronics are system-level control/comms.","https://govtribe.com/vendors/drs-training-control-systems-llc-drs-technologies-12339
https://www.leonardodrs.com/who-we-are/our-segments/airborne-intelligence-systems/",P0,No public evidence identifies a discrete DDG-51 construction component for this UEI.,https://www.highergov.com/awardee/drs-training-control-systems-llc-10107268/; https://govtribe.com/vendors/drs-training-control-systems-llc-drs-technologies-12339; https://www.govcon.com/doc/drs-technologies-awarded-132m-contract-to-pro-0001
TPN7LAC6HGW3,D2,"Shaft-line, propeller and seal installation/overhaul support is propulsion-system service.","https://www.wartsila.com/marine/products/shaft-line-solutions
https://www.wartsila.com/latinamer/media/03-09-2020-matthew-zirkle-joins-wartsila-defense-inc",P6,"The Poulsbo Wartsila role is installation, repair, overhaul, and parts-support service rather than a confirmed new-construction article.",https://www.wartsila.com/marine/services; https://www.wartsila.com/usa/media/local-news/27-04-2012-w%C3%A4rtsil%C3%A4-donates-controllable-pitch-propulsion-system-to-the-united-states-merchant-marine-academy
TSCZLHCGNQ53,D4,"Fuel filtration, water-separation and coalescer equipment are fluid-treatment hardware.","https://www.facetfiltration.com/
https://www.facetfiltration.com/about-us/history/
https://core-es.com/wp-content/uploads/F12423-Manual.pdf",P0,The DDG rebuy item is unidentified and no reliable Facet model/component match is confirmed.,https://www.highergov.com/subcontract/N0002418C2307-16098-0/; https://www.highergov.com/awardee/filtration-group-corporation-10007841/
U23DM4ULNLS3,D6,Mk 45 Mod 4 naval gun systems are combat/weapon systems.,"https://www.baesystems.com/en-us/product/mk-45-mod-4-naval-gun-system
https://www.navy.mil/Resources/Fact-Files/Display-FactFiles/Article/2167864/mk-45-5-inch-5462-caliber-guns/",P4,"Mk 45 Mod 4 naval gun systems are delivered as configured weapon-system hardware, not independent components.",https://www.baesystems.com/en-us/product/mk-45-mod-4-naval-gun-system; https://www.baesystems.com/en-us/article/257-million-contract-awarded-to-produce-mk-45-gun-systems-for-the-us-navy; https://www.baesystems.com/en-us/article/upgrades-for-mk-45-gun-system-under-63-million-contract
U864F3HRME53,D3,"Naval power conversion, distribution, drives and controls are ship-service electrical power hardware.","https://www.gevernova.com/power-conversion/product-solutions/Naval-Electric-Power-Propulsion
https://www.gevernova.com/power-conversion/industries/Marine/Naval",P3,"Power-conversion, distribution, drive, automation, and control hardware are bounded functional shipboard power/control equipment.",https://www.gevernova.com/power-conversion/product-solutions/Naval-Electric-Power-Propulsion; https://www.gevernova.com/power-conversion/industries/Marine/Naval; https://www.highergov.com/awardee/ge-energy-power-conversion-naval-systems-inc-10114570/
V1MQFNQB56Z5,D4,High-pressure air compressors supply shipboard compressed-air systems.,"https://www.rixindustries.com/shipboard-air-compressor
https://www.rixindustries.com/rix-industries-awarded-us-navy-contract",P3,High-pressure air compressors are functional shipboard compressed-air machinery.,https://www.rixindustries.com/rix-awarded-ddg-51-flight-iii-compressor-contract-successor-new-large-surface-combatant-program; https://www.rixindustries.com/star-series; https://www.rixindustries.com/family-ties-celebrated-with-rix-industries-compressors-welcomed-aboard-uss-rafael-peralta
V8HGGNTGDH59,D4,Air-moisture separation and filtration for gas-turbine intakes is gas/fluid filtration hardware.,"https://www.globenewswire.com/news-release/2012/09/18/491345/10774/en/pmfg-inc-parent-of-peerless-mfg-co-notice-of-award-valued-at-13-7-million-to-supply-air-moisture-separation-and-filtration-systems-to-u-s-navy.html
https://patents.google.com/patent/US5653786A/en",P3,Air-moisture separation/filtration systems for gas-turbine intakes are functional air-treatment equipment.,https://asmedigitalcollection.asme.org/GT/proceedings-pdf/GT1995/78798/V002T03A002/4457321/v002t03a002-95-gt-055.pdf; https://www.cecoenviro.com/peerless-mfg
VJMTKNLENX24,D5,Custom evaporator/condenser coils and air coolers are HVAC/refrigeration heat-transfer equipment.,"https://www.marlocoil.com/
https://www.leonardodrs.com/wp-content/uploads/2023/08/2019-marine-hvac-catalog_final3.pdf
https://govtribe.com/vendors/engineered-coil-company-drs-marlo-coil-38450",P2,Evaporator/condenser coils and air-cooler coils are fit-ready heat-transfer components built into HVAC/R equipment.,https://www.leonardodrs.com/what-we-do/products-and-services/navy-and-marine-coils/; https://www.marlocoil.com/proud-of-our-military-work/; https://www.marlocoil.com/applications/
WPP2ABN6UCF5,D6,Machinery-control and monitoring consoles/panels/alarms are system-level control equipment.,"https://seawaves.com/wp-content/uploads/2022/09/USN-Contracts-2020-1-1.pdf
https://magazines.marinelink.com/Magazines/MaritimeReporter/198107/content/shipboard-automation-monitoring-205266",P3,"Operator consoles, control panels, alarms, and shipboard control electronics are functional control/monitoring equipment units.",https://www.l3harris.com/; https://www.l3harris.com/all-capabilities/integrated-platform-management-system; https://www.l3harris.com/all-capabilities/power-distribution-panels-control-console-workstation-and-panel-boards
WSK3WRSGKAU1,D4,Fuel purifiers remove water/solids from fuel-transfer fluid streams.,"https://www.alfalaval.us/industries/marine-and-transportation/engine-and-transport/fuel-cleaning/
https://www.alfalaval.us/products/separation/centrifugal-separators/separators/s-and-p-flex/",P3,Self-cleaning centrifugal fuel purifiers are functional fuel-treatment machinery.,https://www.alfalaval.us/products/separation/centrifugal-separators/; https://www.scribd.com/document/340313779/S9086-SN-STM-010-Ch-541-Ship-Fuel-and-Fuel-Systems-Rev-9
WUDSRNBSYC17,D2,"[MECE 2026-06-20: D9->D2 firm-level reclassification, ship application determinable] Forged marine propulsion/stern shafting is supplied by a forging/process-specialist shop.","https://www.erieforge.com/products-services/
https://www.highergov.com/vehicle/navsup-surface-shafts-idiq-7734/",P2,"Forged propulsion/stern shafting is delivered as a finished fit-ready shaft component, not powered machinery.",https://www.erieforge.com/; https://www.erieforge.com/products-services; https://govtribe.com/vendors/erie-forge-and-steel-inc-dot-efs-1f460
XYNDM1Y7XGG7,D2,"Line-shaft, stern-tube, strut and thrust bearings support the propulsion shaft line.","https://www.ambco.net/water-lubricated-bearings
https://www.ambco.net/lineshaft-bearings
https://www.ambco.net/bearing-propulsion-systems",P2,"Line-shaft, stern-tube, strut, and thrust bearings are finished propulsion components built into shafting machinery.",https://www.ambco.net/lineshaft-bearings; https://www.ambco.net/thrust-bearings; https://www.ambco.net/our-story
YELYMYLF82L9,D8,Slewing-arm boat-davit system is boat-handling/deck machinery.,"https://www.lakeshoresys.com/marine-and-defense/cranes/
https://sam.gov/opp/d96a6580660c40c199779fc51724f9be/view",P3,The slewing-arm boat davit is a bounded deck-machinery unit that performs its launch/recovery function once installed.,https://www.lakeshoresys.com/marine-and-defense/cranes/; https://www.highergov.com/contract-opportunity/boat-davit-parts-n50054-18-t-0021-r-d05a0/; https://www.highergov.com/subcontract/N0002419C4452-07682ATTXC/
YYVHWZMPP3F8,D3,"Switchboards, load centers, conversion and motor-control equipment distribute ship service power.","https://www.leonardodrs.com/what-we-do/products-and-services/marine-switchboards-and-loadcenters/
https://www.leonardodrs.com/who-we-are/our-segments/naval-power-systems/",P3,"Switchboards, load centers, power-conversion, motor-control, drive, and automation/control equipment are functional shipboard power units.",https://www.leonardodrs.com/what-we-do/products-and-services/marine-switchboards-and-loadcenters/
Z89SS59265U9,D3,"Power electronics, transformers, grounding transformers and static switches are power-conversion/distribution hardware.","https://www.espey.com/products/integrated-power-systems/
https://www.espey.com/products/military-power-systems-magnetics/",P3,"Power electronics, transformers, static switches, and power-distribution/protection equipment are functional electrical units.",https://www.espey.com/products/integrated-power-systems/; https://www.espey.com/products/military-power-systems-magnetics/
ZA1KMNAJMVT3,D10,Interior deck coverings/flooring are shipboard interior outfit.,"https://www.surfacetechnologiescorp.com/
https://govtribe.com/vendors/surface-technologies-corporation-1dz42",P2,"Interior deck coverings/flooring are finished outfitting materials/components installed on the ship, not a configured system.",https://www.highergov.com/subcontract/N0002413C2307-1074530-4/; https://www.arl.psu.edu/wp-content/uploads/filr/2456/IMAST%202017-2018%20Annual%20Report.pdf
ZLM5NQE8LSR8,D0,The described HVAC/electrical/machinery integration and motor/brake clue do not support one domain.,"https://govtribe.com/vendors/imeco-inc-dot-0v369
https://www.prnewswire.com/news-releases/jf-lehman--company-acquires-imeco-inc-185666282.html",P3,"The identified motor-and-brake assembly is a bounded functional electromechanical unit, not a full integrated package.",https://govtribe.com/opportunity/federal-contract-opportunity/slew-motor-and-brake-n0040621r0018; https://www.jflco.com/portfolio-details/5/lake-shore-systems; https://directory.marinelink.com/companies/company/imeco-inc-206288
ZW3UMG9YVNA9,D3,MIL-SPEC switchboards and load centers are shipboard electrical distribution hardware.,"https://www.l3harris.com/all-capabilities/military-specification-switchboards-and-load-centers
https://www.l3harris.com/all-capabilities/marine-power-distribution
https://govtribe.com/vendors/l-3-communications-westwood-corporation-l-3-westwood-3feq2",P3,MIL-SPEC switchboards and load centers are functional electrical-distribution equipment once installed.,https://www.l3harris.com/all-capabilities/military-specification-switchboards-and-load-centers; https://www.l3harris.com/all-capabilities/power-distribution-panels-control-console-workstation-and-panel-boards; https://govtribe.com/vendors/l-3-communications-westwood-corporation-l-3-westwood-3feq2
N1PJDANWUJ61,D2,"[MECE 2026-06-20: D9->D2 firm-level reclassification, ship application determinable] (was map-resolved D9 via NAICS)",,,,
CBMZJ3Z5SC89,D1,"[MECE 2026-06-20: D9->D1 firm-level reclassification, ship application determinable] (was map-resolved D9 via NAICS)",,,,
