Rank,UEI,Vendor (registry name),CAGE,Total $M,Submarines $M,DDG-51 $M,Records,File Primary NAICS,Primary NAICS Description,What They Make or Do,Supplier Type,Primary Products or Capabilities,Verified Corporate Parent,Verified Ultimate Owner,Operating Entity / Site Note,NAICS Assessment,Domestic or Foreign,Confidence,Verification Notes / Uncertainty,Source URLs
1,LCV2N9FVV739,NORTHROP GRUMMAN SYSTEMS CORPORATION,90099,2001.391,2001.391,0,112,335312,Motor and Generator Manufacturing,"Northrop Grumman’s Sunnyvale Marine Systems operation designs and manufactures major naval propulsion and electric-power machinery, including ship-service turbine-generator equipment for nuclear submarines.",integrator/OEM,"Ship-service turbine generators; turbine-generator sets; naval propulsion and power-generation machinery; associated engineering, production, testing and lifecycle support.",Northrop Grumman Systems Corporation,Northrop Grumman Corporation (public company),"CAGE 90099 is associated with the Sunnyvale, California Marine Systems operation; this is a specialized operating site within the named legal entity, not the whole Northrop Grumman enterprise.","Partially correct. NAICS 335312 captures motor/generator manufacturing, but understates the site’s role as an OEM of complete naval turbine-generator and propulsion machinery.",Domestic (U.S.),high,Public sources clearly establish the operating site and naval-power role; the profile does not infer which individual subaward line bought which assembly.,https://www.northropgrumman.com/what-we-do/sea | https://sam.gov/workspace/contract/opp/f68d4ee1f7824218a8798f0b179d5ce6/view | https://www.northropgrumman.com/careers/northrop-grumman-in-sunnyvale-california
2,GXPHJRVG9MR7,"DRS POWER & CONTROL TECHNOLOGIES, INC.",27192,520.016,411.153,108.863,271,335311,"Power, Distribution, and Specialty Transformer Manufacturing","Leonardo DRS Naval Power Systems in Menomonee Falls engineers and manufactures shipboard electrical power-distribution, power-conversion and electric-propulsion equipment for U.S. Navy surface ships and submarines.",integrator/OEM,Marine switchboards and load centers; motor controllers and variable-frequency drives; power-conversion and distribution equipment; integrated electric-propulsion equipment.,"Leonardo DRS, Inc.",Leonardo S.p.A. (Italy; public company),"The UEI is the Menomonee Falls, Wisconsin Naval Power Systems operating entity, historically DRS Power & Control Technologies.","Misleading as primary. NAICS 335311 is transformer manufacturing; transformers are relevant, but the core offering is integrated switchgear, motor control, power conversion and propulsion equipment. The entity’s additional 335313/335314 codes are more representative.",Domestic U.S. operating entity; foreign-owned (Italy),high,"Operating identity, products and ownership are documented on Leonardo DRS pages.",https://www.leonardodrs.com/locations/naval-power-systems-menomonee-falls-wi/ | https://www.leonardodrs.com/what-we-do/products-and-services/ship-power-and-propulsion/ | https://www.leonardodrs.com/what-we-do/products-and-services/marine-switchboards-and-loadcenters/ | https://www.leonardodrs.com/news/press-releases/leonardo-drs-awarded-contracts-for-u-s-navys-columbia-class-submarine-program/
3,HLVBPCA2LH41,ROLLS-ROYCE MARINE NORTH AMERICA INC.,,439.264,0,439.264,127,,,"The legacy Rolls-Royce Marine North America naval-propulsors operation in Walpole, Massachusetts manufactured and supported controllable-pitch propellers and related propulsion hardware for Navy surface ships, including DDG-51. Its naval propulsors and handling assets transferred to Fairbanks Morse Defense in July 2025.",manufacturer,Controllable-pitch propeller systems; propeller hubs and blades; oil-distribution boxes; naval propulsors; repair and lifecycle support.,Fairbanks Morse Defense (operating assets; legacy Rolls-Royce UEI/name may remain in historical data),Arcline Investment Management–backed funds,"The row represents a legacy legal/registration identity. Rolls-Royce completed the sale of the Walpole and related naval-propulsors business to Fairbanks Morse Defense on July 16, 2025; current operating identity should be reviewed before using the UEI for outreach.","Missing. No primary NAICS is resolved in the file. The demonstrated activity is marine propulsion-equipment manufacturing and support, not a generic Rolls-Royce corporate activity.",Domestic U.S. operation; U.S.-owned after the 2025 asset sale,high,High confidence in products and asset ownership; medium confidence that the legacy UEI remains the current contracting identity after the asset transfer.,https://www.rolls-royce.com/media/press-releases/2020/24-06-2020-rr-secures-us-navy-contracts-totalling.aspx | https://www.rolls-royce.com/media/press-releases/2025/16-07-2025-rr-completes-sale-of-naval-propulsors-business-to-fairbanks-morse-defense.aspx | https://www.fairbanksmorsedefense.com/blog/fairbanks-morse-defense-completes-acquisition-of-critical-naval-manufacturing-capabilities-from-rolls-royce/ | https://www.fairbanksmorsedefense.com/blog/fairbanks-morse-is-now-fairbanks-morse-defense/
4,WYDAKCJ5K219,CURTISS-WRIGHT ELECTRO-MECHANICAL CORPORATION,0UBG9,378.171,378.171,0,214,333914,"Measuring, Dispensing, and Other Pumping Equipment Manufacturing","Curtiss-Wright’s Engineered Pump Division in Bethlehem, Pennsylvania designs, manufactures, tests and supports highly engineered pumps and pump components for U.S. Navy surface ships and submarines, including nuclear-service applications.",manufacturer,"Critical-service centrifugal pumps; nuclear-qualified naval pumps; pump assemblies and components; impellers; spares, overhaul and test services.",Curtiss-Wright Electro-Mechanical Corporation,Curtiss-Wright Corporation (public company),CAGE 0UBG9 identifies the Bethlehem Engineered Pump Division. It is distinct from the Curtiss-Wright Electro-Mechanical Division row at Cheswick (CAGE 04808).,Correct. NAICS 333914 is a good match for the division’s pump-manufacturing activity.,Domestic (U.S.),high,"Operating site, product scope and Navy application are directly documented.",https://electro-mechanicalsystems.curtisswright.com/epd | https://electro-mechanicalsystems.curtisswright.com/epd/about-us | https://electro-mechanicalsystems.curtisswright.com/news/news-details/2024/Curtiss-Wright-and-Sintavia-Deliver-First-Submarine-Component-Utilizing-an-Additively-Manufactured-Impeller-to-Be-Installed-in-a-U.S.-Navy-Vessel
5,N1PJDANWUJ61,SCOT FORGE COMPANY,2W651,353.047,353.006,0.041,741,332111,Iron and Steel Forging,"Scot Forge produces large open-die and rolled-ring forgings for marine propulsion and shipbuilding, supplied as forged, rough-machined or finish-machined parts.",manufacturer,"Propeller, tail, main and intermediate shafts; rudder stocks and tubes; stern tubes; shaft couplings; gear blanks; large rolled rings and open-die forgings.",Scot Forge Company,Independent employee-owned company,The UEI represents the U.S. forging company rather than a diversified parent. Scot Forge identifies its workforce as employee-owners.,"Correct. NAICS 332111 accurately describes iron and steel forging, although the code alone does not show the company’s marine-propulsion specialization or machining capability.",Domestic (U.S.),high,The company directly publishes the shipbuilding and propulsion product list.,https://www.scotforge.com/market-expertise1/marine-propulsion | https://www.scotforge.com/market-expertise/shipbuilding | https://www.scotforge.com/
6,YNJNTZWVC3H6,BAE SYSTEMS LAND & ARMAMENTS L.P.,44114,333.523,333.348,0.175,30,336611,Ship Building and Repairing,"BAE Systems’ U.S. naval-structures operations manufacture large, complex welded submarine structures and propulsion-related modules rather than complete ships.",manufacturer,Virginia Payload Module missile tubes; Virginia-class propulsors; Columbia-class bearing-support structures; large precision-welded submarine modules and fabrications.,"BAE Systems, Inc.",BAE Systems plc (United Kingdom; public company),"The legal entity is BAE Systems Land & Armaments L.P., but the work profiled is its specialized U.S. naval/submarine manufacturing operation.","Misleading if read literally. NAICS 336611 suggests whole-ship building and repair, while this entity is principally a first-tier maker of large submarine components and modules.",Domestic U.S. operating entity; foreign-owned (United Kingdom),high,First-party releases identify the exact submarine structures and facilities.,https://www.baesystems.com/en-us/article/bae-systems-awarded-%2470-million-contract-for-future-virginia-payload-module-missile-tubes | https://www.baesystems.com/en-us/article/bae-systems-facilities-are-ready-to-scale-to-support-submarine-manufacturing | https://www.highergov.com/awardee/bae-systems-land-armaments-l-p-10117088/
7,J1T1FEN3PWX6,GENERAL ELECTRIC COMPANY,07482,333.093,0,333.093,28,336412,Aircraft Engine and Engine Parts Manufacturing,GE Aerospace’s marine business manufactures LM2500 gas-turbine propulsion modules and related controls/support for DDG-51 destroyers.,integrator/OEM,"LM2500 marine gas turbines; packaged gas-turbine modules; propulsion controls; spares, depot and lifecycle engineering support.",GE Aerospace (business and brand of General Electric Company),General Electric Company (public company),CAGE 07482 is associated with GE’s Evendale/Cincinnati engine operations; the Navy deliverable is the marine adaptation of an aeroderivative gas turbine.,"Misleading for this use. NAICS 336412 is accurate for GE’s aircraft-engine legal operation, but it obscures that this subaward supplier delivers marine gas-turbine propulsion modules for destroyers.",Domestic (U.S.),high,GE first-party sources directly link LM2500 modules to DDG-51.,https://www.geaerospace.com/military-defense/engines/lm2500 | https://www.geaerospace.com/news/press-releases/marine-industrial-engines/forty-ge-lm2500-marine-gas-turbines-power-10-arleigh-burke | https://www.geaerospace.com/news/press-releases/marine-industrial-engines/ge-provide-new-lm2500-gas-turbine-modules-united-states
8,SLD5KEGGLLZ3,"JOHNSON CONTROLS NAVY SYSTEMS, LLC",66935,297.151,118.921,178.23,89,333415,Air-Conditioning and Warm Air Heating Equipment and Commercial and Industrial Refrigeration Equipment Manufacturing,"Johnson Controls Navy Systems engineers and manufactures custom shipboard heating, ventilation, air-conditioning and refrigeration machinery for U.S. Navy submarines and surface ships.",integrator/OEM,YORK shipboard chillers and compressors; air-conditioning plants; condensers; refrigeration machinery; environmental-control systems and lifecycle support.,"Johnson Controls Federal Systems, LLC / Johnson Controls Navy Systems",Johnson Controls International plc (Ireland; public company),"The UEI is the dedicated Navy-systems operating company, not Johnson Controls’ commercial building-services business.","Correct. NAICS 333415 accurately describes the core HVAC and refrigeration equipment, though it does not convey Navy qualification and system integration.",Domestic U.S. operating entity; foreign-owned (Ireland),high,Johnson Controls’ Navy and marine pages identify the product scope and dedicated operating group.,https://www.johnsoncontrols.com/marine-and-navy/hvac-and-refrigeration | https://www.johnsoncontrols.com/jci-global-entities
9,WJYVCPD5HKK7,"BWXT NUCLEAR OPERATIONS GROUP, INC.",5AJL2,289.874,289.874,0,15,332410,Power Boiler and Heat Exchanger Manufacturing,"BWXT Nuclear Operations Group manufactures nuclear-reactor components, fuel and major propulsion-plant assemblies for U.S. Navy submarines and aircraft carriers.",integrator/OEM,"Naval nuclear reactor components; reactor fuel; heavy nuclear components and assemblies; engineering, manufacturing, inspection and lifecycle support.","BWX Technologies, Inc.","BWX Technologies, Inc. (public company)",This UEI is an operating nuclear-manufacturing group within BWXT and should not be confused with the separate BWX Technologies corporate-office UEI at rank 50.,"Partially correct. NAICS 332410 can cover boilers and heat exchangers, but is too narrow for the entity’s broader naval-reactor, fuel and nuclear-component mission.",Domestic (U.S.),high,BWXT directly describes its naval nuclear propulsion products and contracts.,https://www.bwxt.com/sectors/defense-space/sea/naval-nuclear-propulsion/ | https://www.bwxt.com/bwxt-announces-2-6-billion-in-contracts-for-naval-nuclear-reactor-components/
10,E8LNMDLEKM35,D.C. FABRICATORS INC.,65427,255.017,255.017,0,66,332312,Fabricated Structural Metal Manufacturing,"D.C. Fabricators designs and manufactures custom condensers, heat exchangers, pressure equipment and complex corrosion-resistant fabrications for naval and nuclear applications.",manufacturer,"Main and auxiliary condensers; shell-and-tube heat exchangers; pressure vessels; titanium, copper-nickel and dissimilar-metal weldments; machining, NDE and testing.","Precision Components Group, LLC","Privately held Precision Components Group; BWXT acquisition announced but not closed as of June 18, 2026","D.C. Fabricators is a specialized Florence, New Jersey operating company. BWXT announced an agreement to acquire its parent in April 2026, with closing expected in the second half of 2026; ownership is therefore recorded on an as-of-date basis.","Misleading. NAICS 332312 (fabricated structural metal) does not capture the company’s main identity as a custom heat-exchanger, condenser and pressure-equipment manufacturer; 332410 is more descriptive.",Domestic (U.S.),high,"Product scope is first-party; the ownership note reflects a pending, not completed, transaction.",https://www.dcfab.com/ | https://www.bwxt.com/bwxt-bolsters-american-nuclear-manufacturing-capability-with-strategic-acquisition/
11,DK2SLQURMJF3,BABCOCK MARINE (ROSYTH) LIMITED,,240.486,240.486,0,20,,,"Babcock Marine’s Rosyth operation manufactures and assembles submarine missile-tube structures, particularly tactical missile-tube assemblies for the U.S.–U.K. Common Missile Compartment used by Columbia- and Dreadnought-class submarines.",integrator/OEM,"Common Missile Compartment tactical missile-tube assemblies; large precision-fabricated submarine structures; welding, machining, assembly, inspection and test.",Babcock Marine,Babcock International Group plc (United Kingdom; public company),"This is the Babcock Marine (Rosyth) legal operating entity in Scotland. It should be distinguished from the separate Rosyth Royal Dockyard Limited UEI at rank 34, although both operate within Babcock’s Rosyth enterprise.",Missing. No primary NAICS is resolved in the file. The demonstrated activity is heavy naval/submarine module manufacturing and integration.,Foreign (United Kingdom),high,Babcock directly identifies Rosyth work on missile tubes for Electric Boat and the Common Missile Compartment.,https://www.babcockinternational.com/news/babcock-awarded-multimillion-pound-missile-tube-contract-extension-by-electric-boat/
12,FLDEFFBLR5P3,"GLOBE COMPOSITE SOLUTIONS, LTD., LIMITED PARTNERSHIP",82094,218.319,218.319,0,114,325212,Synthetic Rubber Manufacturing,"Globe Composite Solutions engineers and manufactures molded composite, elastomeric and syntactic-material components for submarines and other undersea platforms, including acoustic and hydrodynamic structures.",manufacturer,"Submarine sonar acoustic panels and baffles; hydrophone and sonar casings; fairings; propulsor covers and nosecones; specialty elastomer parts, gaskets, coatings and syntactic materials.",ESCO Technologies Inc.,ESCO Technologies Inc. (public company),The legal name in the file is a limited partnership; Globe operates as an ESCO Technologies naval-composites business.,"Misleading as primary. NAICS 325212 implies synthetic-rubber manufacturing, while Globe’s durable role is engineering and molding finished composite/elastomer components and acoustic structures.",Domestic (U.S.),high,Globe’s first-party capability pages directly describe its undersea products; ESCO ownership is reflected in current corporate materials.,https://www.globecomposite.com/composite-design-prototyping | https://www.globecomposite.com/submersibles | https://www.globecomposite.com/blog/dreadnought-class | https://www.escotechnologies.com/our-businesses/
13,YD1GK53355R5,"PRECISION CUSTOM COMPONENTS, LLC",1P555,211.351,211.351,0,85,332313,Plate Work Manufacturing,"Precision Custom Components manufactures large custom pressure vessels, heat exchangers, heavy-walled weldments and precision-machined nuclear and naval equipment.",manufacturer,"Pressure vessels and reactor vessels; large heat exchangers; heavy plate weldments; large-envelope CNC machining; welding, NDE, hydrostatic testing and final assembly.","Precision Components Group, LLC","Privately held Precision Components Group; BWXT acquisition announced but not closed as of June 18, 2026","The York, Pennsylvania company is a specialized heavy-manufacturing operating entity. BWXT’s April 2026 agreement to buy Precision Components Group was expected to close in the second half of 2026 and is not treated as completed.","Partially correct. NAICS 332313 captures plate-work manufacturing, but not the full pressure-vessel, heat-exchanger, large machining and nuclear-quality scope.",Domestic (U.S.),high,"Capabilities and parent are well supported; individual Navy end items are not publicly itemized, so the profile stays at the product-family level.",https://www.pcc-york.com/ | https://www.bwxt.com/bwxt-bolsters-american-nuclear-manufacturing-capability-with-strategic-acquisition/ | https://www.thomasnet.com/company/precision-custom-components-llc-149347/profile
14,J3AFGKXWYK73,YORK INTERNATIONAL CORPORATION,,192.135,0.235,191.9,60,,,"York International’s Navy-focused operation supplies YORK shipboard air-conditioning and refrigeration plants, compressors, chillers and condensers for DDG-51 destroyers and other naval vessels.",integrator/OEM,"Shipboard air-conditioning plants; chillers; compressors; condensers; refrigeration machinery; controls, spares and lifecycle support.","Johnson Controls, Inc. / Johnson Controls Navy Systems",Johnson Controls International plc (Ireland; public company),"The UEI is the York International legal manufacturer within Johnson Controls. The relevant activity is Navy-qualified YORK machinery, not the broader commercial HVAC enterprise.",Missing. The file has no resolved primary NAICS. NAICS 333415 would closely describe the demonstrated HVAC and refrigeration-equipment activity.,Domestic U.S. operating entity; foreign-owned (Ireland),high,Johnson Controls directly identifies YORK Navy HVAC products; a SAM notice corroborates the DDG-51 air-conditioning-plant context.,https://www.johnsoncontrols.com/marine-and-navy/hvac-and-refrigeration | https://sam.gov/workspace/contract/opp/3996f7e5a59a159981dbee65cb0e31ff/view | https://www.johnsoncontrols.com/jci-global-entities
15,FZPYZ11SFNA6,TIMKEN GEARS & SERVICES INC.,17454,169.174,0,169.174,8,333612,"Speed Changer, Industrial High-Speed Drive, and Gear Manufacturing","Timken Gears & Services, through Philadelphia Gear, designs and manufactures main reduction gears and other large marine gearboxes for Navy surface combatants, including DDG-51.",integrator/OEM,"DDG-51 main reduction gear sets; naval reduction gearboxes; high-speed gears and pinions; testing, overhaul, repair and lifecycle engineering.",The Timken Company,The Timken Company (public company),The legal entity is Timken Gears & Services; Philadelphia Gear is the operating brand and heritage business responsible for the naval gear products.,Correct. NAICS 333612 accurately describes speed-changer and gear manufacturing and is strongly representative of the operating entity.,Domestic (U.S.),high,Timken directly documents both the product and DDG-51 program role.,https://www.timken.com/timken-world/powering-naval-ships-for-decades-of-service/ | https://news.timken.com/2023-02-21-Timken-to-Continue-to-Provide-Main-Reduction-Gears-for-U-S-Navy-Arleigh-Burke-DDG-51-Class-Ships | https://news.timken.com/2011-07-01-Timken-Completes-Philadelphia-Gear-Acquisition
16,HNAECT5M9TM4,"SOCAIL, LDA",,151.352,0,151.352,10,,,"SOCAIL, LDA appears to be a Portuguese industrial-piping contractor whose name expands to Sociedade de Canalizações Industriais. Public directories describe industrial pipework and water/gas piping installation; a specific DDG-51 deliverable could not be verified.",construction/facilities,Industrial piping and pipework installation; piping fabrication/assembly; water and gas piping services. Exact naval product or work package is unverified.,Not verified,Privately held ownership not verified,"The operating entity is reported in Seixal, Portugal. No authoritative company website, current ownership filing or public Navy contract description was located.","Missing. No primary NAICS is resolved in the file. Available evidence points to industrial piping/installation, but the exact manufacturing-versus-installation mix is uncertain.",Foreign (Portugal),low,"Public evidence is limited to business directories. The dataset shows DDG-51 subaward dollars, but the specific shipyard, equipment, system or onboard deliverable cannot be responsibly inferred.",https://www.rotanacional.pt/anuncio/48017-socail-sociedade-de-canalizacoes-industriais-lda | https://www.guiadacidade.pt/pt/e/socail-sociedade-de-canalizacoes-industriais-lda-1239978 | https://seixal.infoisinfo.com.pt/ficha/socail_sociedade_de_canalizacoes_industriais_lda/76404
17,KENVPMBVBT39,"RHOADS METAL FABRICATIONS, INC.",,141.905,141.905,0,73,,,"Rhoads Metal Fabrications, operating within Rhoads Industries at the Philadelphia Navy Yard, fabricates, machines, outfits and integrates large submarine structures and machinery modules.",integrator/OEM,"Large submarine structural modules; decks and platforms; pressure vessels; turbine-generator skids; heavy plate fabrications; complex welding, machining, outfitting and pier-side integration.",Rhoads Industries / Rhoads Metal Fabrications,Family-controlled trust ownership; SAM file reports The RMF Irrevocable Deed of Trust,The UEI is the metal-fabrication operating company. Rhoads Industries is the public operating brand. The trust shown in SAM is retained as an ownership note because a current first-party ownership filing was not located.,"Missing. No resolved primary NAICS is shown. The demonstrated activity is heavy structural-metal fabrication, machining and module integration for Navy shipbuilding.",Domestic (U.S.),high,High confidence in operating activity and Navy role; medium confidence in the precise current trust/ultimate-owner description.,https://www.rhoadsinc.com/ | https://www.rhoadsinc.com/capabilities/dod/ | https://www.rhoadsinc.com/rhoads-industries-opens-new-high-capacity-pier-6a-to-support-u-s-navy-submarine-programs/ | https://www.rhoadsinc.com/about/
18,JEP5GQGFPUL9,PORTLAND VALVE LLC,53154,139.605,119.247,20.359,232,332911,Industrial Valve Manufacturing,"Portland Valve manufactures Navy-qualified ball valves and other specialty ship-service valves, and provides repair and refurbishment support for submarines and surface ships.",manufacturer,"Ship-service ball valves; specialty naval valves; valve actuators and assemblies; replacement parts; overhaul, repair and testing.",CIRCOR Naval Solutions / CIRCOR International,KKR-managed investment funds,Portland Valve is a CIRCOR naval brand and operating business. A May 2026 agreement to sell CIRCOR’s commercial and defense aerospace business to Parker Hannifin did not include the retained naval business.,Correct. NAICS 332911 accurately reflects industrial-valve manufacturing.,Domestic (U.S.),high,"Current brand, product and ownership status are supported by CIRCOR and KKR; the 2026 aerospace-only transaction is noted to avoid a false parent change.",https://www.circor.com/brands/portland-valve | https://www.circor.com/news/circor-brand-portland-valve-announces-50-year-anniversary | https://www.kkr.com/approach/shared-success/circor-international | https://www.reuters.com/legal/transactional/parker-hannifin-acquire-kkr-owned-circor-255-billion-2026-05-21/
19,NYGUEDY27AM8,CURTISS-WRIGHT FLOW CONTROL CORPORATION,95169,131.632,127.485,4.148,197,332911,Industrial Valve Manufacturing,"Curtiss-Wright’s Target Rock operation in East Farmingdale, New York designs and manufactures critical-service valves and actuators for naval nuclear propulsion and other ship systems.",manufacturer,"Nuclear safety and relief valves; control, check and isolation valves; electrohydraulic and electromechanical actuators; complete valve-actuator assemblies; qualification testing and support.",Curtiss-Wright Flow Control Corporation / Curtiss-Wright Electro-Mechanical Systems,Curtiss-Wright Corporation (public company),"CAGE 95169 corresponds to the Target Rock operating unit, not Curtiss-Wright’s other pump, motor or generator divisions.",Correct. NAICS 332911 accurately describes the core industrial-valve manufacturing activity.,Domestic (U.S.),high,Target Rock first-party pages directly document its naval nuclear valve and actuator products.,https://electro-mechanicalsystems.curtisswright.com/target-rock | https://electro-mechanicalsystems.curtisswright.com/target-rock/about-us | https://electro-mechanicalsystems.curtisswright.com/news/news-details/2020/CURTISS-WRIGHT-AWARDED-CONTRACTS-VALUED-IN-EXCESS-OF-220-MILLION-TO-SUPPORT-CRITICAL-U.S.-NAVAL-DEFENSE-PLATFORMS
20,JKZNKGGWYZ87,CURTISS-WRIGHT ELECTRO-MECHANICAL CORPORATION,04808,129.324,129.324,0,40,335312,Motor and Generator Manufacturing,"Curtiss-Wright’s Electro-Mechanical Division in Cheswick, Pennsylvania designs and manufactures large electric machines and turbomachinery for U.S. naval nuclear propulsion and ship-service power systems.",integrator/OEM,"Large propulsion motors and generators; ship-service turbine generators; secondary propulsion systems; specialized pumps and turbomachinery; engineering, manufacturing, qualification and lifecycle support.",Curtiss-Wright Electro-Mechanical Corporation,Curtiss-Wright Corporation (public company),CAGE 04808 identifies the Cheswick Electro-Mechanical Division. It is a different operating site and product family from the Bethlehem Engineered Pump Division at rank 4.,"Partially correct. NAICS 335312 captures motors and generators, but not the division’s full naval turbomachinery, secondary-propulsion and nuclear-qualified-system scope.",Domestic (U.S.),high,Operating site and product scope are directly documented by Curtiss-Wright.,https://electro-mechanicalsystems.curtisswright.com/emd/about-us | https://electro-mechanicalsystems.curtisswright.com/ | https://electro-mechanicalsystems.curtisswright.com/news/news-details/2023/Deluzio-Announces-More-Than-100-Million-in-Naval-Defense-Contracts-for-Local-Business-in-His-Western-Pennsylvania-District
21,PQGNEEY9W5M3,NORTHROP GRUMMAN SYSTEMS CORPORATION,03956,123.775,0,123.775,79,334511,"Search, Detection, Navigation, Guidance, Aeronautical, and Nautical System and Instrument Manufacturing","Northrop Grumman’s Charlottesville maritime operation designs and produces integrated bridge, navigation, steering and ship-control systems for U.S. Navy surface ships, including DDG-51.",integrator/OEM,"Integrated bridge and navigation systems; inertial navigation sensors; steering-gear systems; ship-control consoles, displays and associated software/hardware integration.",Northrop Grumman Systems Corporation,Northrop Grumman Corporation (public company),"CAGE 03956 is associated with the Charlottesville, Virginia maritime-navigation and ship-controls operation, distinct from Northrop Grumman’s Sunnyvale naval-power row.","Correct. NAICS 334511 is a good match for navigation, nautical, guidance and control-instrument manufacturing, although it does not fully convey system integration.",Domestic (U.S.),high,Northrop Grumman releases identify the exact maritime product lines and DDG-51 application.,https://investor.northropgrumman.com/news-releases/news-release-details/northrop-grumman-provide-integrated-bridge-navigation-and | https://news.northropgrumman.com/navigation-systems/northrop-grumman-to-produce-new-maritime-navigation-sensor-for-u-s-navy | https://investor.northropgrumman.com/news-releases/news-release-details/northrop-grumman-supply-steering-gear-systems-arleigh-burke | https://www.highergov.com/awardee/northrop-grumman-systems-corporation-10111509/
22,SX6BF52K2WB1,VACCO INDUSTRIES,99517,109.098,109.098,0,88,332912,Fluid Power Valve and Hose Fitting Manufacturing,"VACCO Industries designs and manufactures precision, low-noise fluid-control components and subsystems for submarines, surface ships and other demanding defense applications.",manufacturer,"Quiet naval valves; manifolds and integrated fluid-control assemblies; regulators; filters; check, relief and isolation valves; precision welding and test.",RBC Bearings Incorporated,RBC Bearings Incorporated (public company),"VACCO was previously owned by ESCO Technologies. RBC Bearings completed its acquisition on July 21, 2025, so older SAM or web records naming ESCO are stale.","Correct. NAICS 332912 is well aligned with precision fluid-power valves and fittings, though it does not show VACCO’s ultraquiet naval specialization.",Domestic (U.S.),high,Products are first-party and the 2025 ownership change is documented by the acquirer.,https://www.vacco.com/index.php/navy/overview | https://www.vacco.com/ | https://investor.rbcbearings.com/news-releases/news-release-details/rbc-bearings-incorporated-completes-acquisition-vacco-industries
23,ZW3UMG9YVNA9,L-3 COMMUNICATIONS WESTWOOD CORPORATION,3FEQ2,108.943,5.117,103.827,131,335313,Switchgear and Switchboard Apparatus Manufacturing,"L-3 Communications Westwood, now operating within L3Harris Maritime Power & Energy Solutions, engineers and manufactures military shipboard electrical power-distribution equipment.",integrator/OEM,Military switchboards and load centers; power-distribution panels; control consoles and workstations; panelboards; circuit-protection and monitoring assemblies.,L3Harris Maritime Power & Energy Solutions,"L3Harris Technologies, Inc. (public company)",The file retains the legacy L-3 Communications Westwood legal name. Current product pages place the business in L3Harris’ maritime power portfolio.,Correct. NAICS 335313 accurately describes switchgear and switchboard apparatus manufacturing.,Domestic (U.S.),high,L3Harris first-party product pages are specific and current.,https://www.l3harris.com/all-capabilities/marine-power-distribution | https://www.l3harris.com/all-capabilities/military-specification-switchboards-and-loadcenters | https://www.l3harris.com/all-capabilities/power-distribution-panels-control-console-workstation-and-panel-boards
24,WMXDDH6HJNA5,HUNTINGTON INGALLS INCORPORATED,43689,104.054,98.086,5.968,16,336611,Ship Building and Repairing,Huntington Ingalls’ Newport News Shipbuilding operation builds and integrates major nuclear-submarine modules and sections and is a principal construction partner on Virginia- and Columbia-class submarines.,integrator/OEM,"Virginia-class submarine modules and sections; Columbia-class sterns and major module sections; nuclear-ship construction, structural fabrication, outfitting, integration, test and delivery.","Huntington Ingalls Industries, Inc. (HII)","Huntington Ingalls Industries, Inc. (public company)",CAGE 43689 is associated with Newport News Shipbuilding. The legal row name is Huntington Ingalls Incorporated; the operating shipyard identity is the critical fact.,Correct. NAICS 336611 accurately describes the operating entity’s whole-ship and major-module shipbuilding activity.,Domestic (U.S.),high,HII directly documents its submarine construction roles and delivered modules.,https://www.hii.com/capabilities/submarines | https://hii.com/news/huntington-ingalls-industries-awarded-contract-for-construction-of-first-two-columbia-class-submarine-modules | https://hii.com/news/hii-newport-news-shipbuilding-delivers-first-columbia-class-stern
25,G9HKMXL5L973,"OIL STATES INDUSTRIES, INC",18444,103.398,103.398,0,117,326291,Rubber Product Manufacturing for Mechanical Use,Oil States Industries’ Special Products operation manufactures Navy-qualified elastomeric shock- and vibration-isolation hardware used to mount and support shipboard machinery and piping.,manufacturer,Resilient equipment mounts; elastomeric shock and vibration isolators; pipe hangers and clamps; bonded rubber-to-metal isolation components; qualification and replacement hardware.,"Oil States Industries, Inc.","Oil States International, Inc. (public company)",CAGE 18444 is associated with the Special Products operation. The public corporate site gives limited detail on individual Navy part families; federal item records supply product-level corroboration.,"Partially correct. NAICS 326291 broadly fits molded rubber products for mechanical use, but does not identify the specialized Navy shock/vibration-isolation function.",Domestic (U.S.),medium,Corporate ownership and elastomer capability are clear. The exact Navy products rely partly on federal procurement/NSN records rather than a detailed current first-party catalog.,https://www.oilstatesintl.com/our-company/offshore-construction-group-523.html | https://www.wbparts.com/rfq/5342-01-020-5071.html | https://www.highergov.com/contract-opportunity/5342-resilient-mount-n0040625q0306-o-09ea3/
26,FK17Z7DJWLL1,Apco Technologies SA,SVP45,102.859,102.859,0,72,,,"APCO Technologies SA designs, manufactures and commissions custom automated machinery and production systems, including precision positioning, robotic handling and welding equipment used to industrialize complex ship-structure manufacturing.",integrator/OEM,"Custom positioning systems; robotic and automated handling equipment; welding and assembly systems; special-purpose production machinery; engineering, integration, factory acceptance testing and commissioning.",APCO Technologies SA,"Privately held, family-owned APCO Technologies",The operating entity is a Swiss engineering and manufacturing company. The most plausible shipbuilding role is delivery of shipyard production equipment or automation rather than equipment installed aboard a ship.,"Missing. No primary NAICS is resolved. The demonstrated activity is engineered industrial machinery, robotics and systems integration.",Foreign (Switzerland),high,High confidence in products and ownership; only partial for onboard ship supply because public evidence supports ship-production equipment rather than a specific installed naval end item.,https://www.apco-technologies.eu/
27,F42BKS7EHCL8,EMS DEVELOPMENT CORPORATION,51435,100.779,76.155,24.625,79,334416,"Capacitor, Resistor, Coil, Transformer, and Other Inductor Manufacturing","EMS Development Corporation designs and manufactures naval magnetic-signature-management and power-management systems, including degaussing equipment, power electronics and magnetic components.",integrator/OEM,"Degaussing and magnetic-field countermeasure systems; power converters and amplifiers; transformers, inductors and magnetic components; controls and monitoring electronics for surface ships and submarines.",ESCO Maritime Solutions / ESCO Technologies Inc.,ESCO Technologies Inc. (public company),"EMS was acquired from Ultra Maritime as part of ESCO’s Signature Management & Power business on April 25, 2025. Older records naming Ultra Electronics are stale.","Partially correct. NAICS 334416 captures transformers, inductors and related magnetics, but not the integrated degaussing, signature-management and power-electronics systems.",Domestic (U.S.),high,Current parent is established by ESCO’s completed-acquisition release; products are corroborated by operating-entity and federal registration sources.,https://investor.escotechnologies.com/news-releases/news-release-details/esco-completes-acquisition-smp | https://www.highergov.com/awardee/ems-development-corporation-10119694/ | https://employer.circaworks.com/company/profile/EMS-Development-Corporation/6BF164B4A40A4E3CB377EFC0857DFA7F
28,PAH8M4BJACA5,"TELEDYNE INSTRUMENTS, INC.",17476,97.089,97.036,0.053,195,334417,Electronic Connector Manufacturing,"Teledyne Instruments’ Teledyne D.G. O’Brien operation manufactures submarine pressure-hull electrical, fiber-optic and radio-frequency penetrators, underwater connectors and molded cable assemblies.",manufacturer,"Pressure-hull penetrators; electrical, fiber-optic and RF penetrators; watertight and underwater connectors; molded cable assemblies; hull glands and feedthroughs.","Teledyne Instruments, Inc. / Teledyne Marine",Teledyne Technologies Incorporated (public company),"CAGE 17476 is associated with Teledyne D.G. O’Brien, a specialized Teledyne Marine operation; it should not be profiled as the whole diversified Teledyne Instruments business.","Correct. NAICS 334417 closely matches electronic connector manufacturing, though pressure-hull penetration assemblies are more specialized than the code suggests.",Domestic (U.S.),high,Teledyne first-party product pages precisely identify the submarine components.,https://www.teledynemarine.com/brands/dgo | https://www.teledynemarine.com/brands/dgo/pressure-hull-penetrator | https://www.teledynemarine.com/dgo-products | https://www.lqlite.com/CAGE/17476/1
29,F2LEAK3EK9R3,THE GRAHAM CORPORATION,1LCX3,89.12,89.12,0,28,336611,Ship Building and Repairing,"Graham Corporation designs and manufactures custom heat-transfer, vacuum and fluid-management equipment for naval nuclear propulsion and power systems.",manufacturer,"Surface condensers and heat exchangers; steam-jet ejectors and vacuum systems; thermal/fluid-management skids; custom pumps and process equipment; engineering, fabrication and testing.",Graham Corporation,Graham Corporation (public company),"The UEI represents the Batavia, New York operating company. Graham is a first-tier equipment maker, not a shipyard.","Misleading. NAICS 336611 labels shipbuilding, but Graham supplies specialized thermal and fluid equipment; heat-exchanger and process-equipment manufacturing codes would be more descriptive.",Domestic (U.S.),high,SEC filings and company releases directly describe naval nuclear products and deliveries.,https://ir.grahamcorp.com/sec-filings/all-sec-filings/content/0000950170-24-070222/ghm-20240331.htm | https://ir.grahamcorp.com/news-events/press-releases/detail/345/graham-corporation-ships-final-first-article-units-for-u-s | https://www.highergov.com/awardee/graham-corporation-10036571/
30,QGB4RDYJNJT9,ELLWOOD NATIONAL FORGE COMPANY,3D8M1,88.145,0.224,87.921,18,332111,Iron and Steel Forging,"ELLWOOD National Forge produces large open-die forgings and finish-machined rotating components for defense shipbuilding, supplying shipyards, propulsion-system integrators and OEMs.",manufacturer,"Long high-ratio forged shafts and sleeves; rings and discs; high-speed rotating components; heat treatment, rough and finish machining, inspection and testing.",ELLWOOD National Forge Company,"ELLWOOD Group Incorporated (privately held, family-owned)","The UEI is the Irvine, Pennsylvania forging company within the ELLWOOD group. It supplies forged or finish-machined parts rather than integrated propulsion machinery.",Correct. NAICS 332111 accurately describes the primary forging process; the company’s finish machining and defense-shipbuilding specialization add important context.,Domestic (U.S.),high,ELLWOOD’s official shipbuilding page explicitly describes mission-critical defense ship components and finish-machined rotating parts.,https://www.ellwoodnationalforge.com/markets-served/shipbuilding/ | https://www.ellwoodnationalforge.com/capabilities/forging/
31,RG6LJJM6JBS3,"AUSTAL USA, LLC",1T3Z4,87.555,87.555,0,24,336611,Ship Building and Repairing,"Austal USA fabricates, outfits and integrates modular command, control and payload structures for U.S. nuclear submarines in addition to its broader shipbuilding work.",integrator/OEM,"Virginia-class Command and Control Systems Modules; Electronic Deck Modules; Columbia-class Outboard Payload Deck modules; structural fabrication, outfitting, assembly and test.","Austal Holdings, Inc.",Austal Limited (Australia; public company),"The Mobile, Alabama operating company is a U.S. shipbuilder and module supplier within Australian parent Austal Limited.",Correct. NAICS 336611 accurately reflects shipbuilding and major-module construction.,Domestic U.S. operating entity; foreign-owned (Australia),high,Austal USA’s official submarine page identifies the specific modules and programs.,https://www.austalusa.com/submarines | https://www.austalusa.com/who-we-are | https://www.austalusa.com/
32,XQW8RJNNAXX8,"W INTERNATIONAL, LLC",6UJS1,85.673,85.673,0,106,336992,"Military Armored Vehicle, Tank, and Tank Component Manufacturing","W International, LLC was the legacy corporate/operating entity for large-scale naval metal fabrication and module assembly associated with the Goose Creek, South Carolina complex. Huntington Ingalls acquired substantially all operating assets of related W International SC and Vivid Empire businesses in January 2025.",manufacturer,"Complex steel structures and ship modules; heavy plate cutting, forming, machining and welding; large assembly and outfitting for naval shipbuilding.","Legacy W International, LLC; operating assets largely transitioned to HII/Newport News Shipbuilding–Charleston Operations","Legacy private ownership not verified; acquired operating assets are owned by Huntington Ingalls Industries, Inc.","This UEI is not automatically treated as an HII subsidiary. The available SEC disclosure describes an asset acquisition, not acquisition of every legacy legal entity; later legal reporting still names W International, LLC separately.","Misleading. NAICS 336992 concerns military armored vehicles and tank components, not naval structural fabrication or ship modules.",Domestic (U.S.),medium,"High confidence in historical operating activity and asset transfer; lower confidence in the continuing legal status, ownership and present contracting use of this exact UEI.",https://www.sec.gov/Archives/edgar/data/1501585/000150158525000006/hii-20241231.htm | https://hii.com/news/hii-increases-throughput-expands-industrial-base-through-distributed-shipbuilding | https://abcnews4.com/news/local/sc-based-w-international-llc-at-center-of-105m-federal-overcharging-settlement-law-lawsuit-metal-company-charleston-south-carolina-ncis-fbi-doj-ceo-news-court | https://govtribe.com/vendors/w-international-llc-6ujs1
33,DJG7NEG7QRK5,"HUNT VALVE COMPANY, INC.",11859,85.233,83.652,1.582,296,332911,Industrial Valve Manufacturing,Hunt Valve manufactures severe-duty Navy valves and electromechanical valve actuators for submarine and surface-ship fluid systems.,manufacturer,"Ball, gate, globe and check valves; high-pressure and severe-duty naval valves; electromechanical actuators; valve-actuator assemblies; repair and lifecycle support.",Fairbanks Morse Defense,Arcline Investment Management–backed funds,Hunt Valve is an operating company/brand within Fairbanks Morse Defense. FMD acquired Hunt Valve in 2021.,Correct. NAICS 332911 accurately describes industrial-valve manufacturing.,Domestic (U.S.),high,"Fairbanks Morse Defense directly documents ownership, products and Virginia-/Columbia-class orders.",https://www.fairbanksmorsedefense.com/solutions/valves/ | https://www.fairbanksmorsedefense.com/blog/fairbanks-morse-defenses-hunt-valve-awarded-96-million-in-pos-to-deliver-essential-valves-for-virginia-and-columbia-class-submarine-programs/ | https://www.fairbanksmorsedefense.com/blog/fairbanks-morse-defense-acquires-hunt-valve-company-inc-1/
34,LSMBJZFLN8L9,ROSYTH ROYAL DOCKYARD LIMITED,U1VL1,83.982,83.982,0,5,336611,Ship Building and Repairing,"Rosyth Royal Dockyard Limited operates within Babcock’s Rosyth shipyard enterprise, performing heavy naval fabrication, assembly and integration, including Common Missile Compartment tactical missile-tube assemblies.",integrator/OEM,"Submarine missile-tube assemblies; large complex naval structures; shipyard fabrication, welding, machining, assembly, integration, inspection and test.",Babcock Marine (Rosyth) Limited,Babcock International Group plc (United Kingdom; public company),"This is a separate legal UEI from Babcock Marine (Rosyth) Limited at rank 11, but both are part of the same Rosyth operating complex. Public product reporting is generally at Babcock/Rosyth group level.",Correct. NAICS 336611 broadly matches the shipyard and major naval-module manufacturing activity.,Foreign (United Kingdom),high,Ownership is explicit in the file and federal entity data; Babcock’s group-level contract release supports the missile-tube work.,https://www.babcockinternational.com/news/babcock-awarded-multimillion-pound-missile-tube-contract-extension-by-electric-boat/ | https://www.highergov.com/awardee/rosyth-royal-dockyard-limited-205374282/
35,CFXRGJSB9UB6,"SPD ELECTRICAL SYSTEMS, INC",30086,82.396,44.419,37.977,39,335313,Switchgear and Switchboard Apparatus Manufacturing,"SPD Electrical Systems, now operated as L3Harris Maritime Power & Energy Solutions, manufactures Navy-qualified shipboard circuit breakers and associated power-distribution hardware.",manufacturer,Low- and medium-voltage shipboard circuit breakers; breaker assemblies and replacement/racking parts; switchgear components; protection and power-distribution hardware.,"L3Harris Maritime Power & Energy Solutions, Inc.","L3Harris Technologies, Inc. (public company)","The file uses the legacy SPD Electrical Systems name. Current federal records identify L3Harris Maritime Power & Energy Solutions, Inc. doing business as SPD under the same CAGE context.",Correct. NAICS 335313 is a good match for switchgear and switchboard-apparatus manufacturing.,Domestic (U.S.),high,Current legal/DBA identity and OEM circuit-breaker products are corroborated by federal records.,https://www.highergov.com/awardee/l3harris-maritime-power-energy-solutions-inc-10107022/ | https://govtribe.com/vendors/spd-electrical-systems-inc-dot-30086 | https://govtribe.com/opportunity/federal-contract-opportunity/brand-name-oem-l3-harris-maritime-power-energy-dba-spd-electrical-systems-circuit-breaker-racking-parts-n0040626q0195
36,Y6X3BDLEPNJ6,"W INTERNATIONAL SC, LLC",88ML5,74.5,74.5,0,33,336611,Ship Building and Repairing,"W International SC, LLC operated the Goose Creek, South Carolina advanced-fabrication facility that produced large naval ship structures and modules. Huntington Ingalls acquired substantially all of its operating assets in January 2025, and the site now operates as Newport News Shipbuilding–Charleston Operations.",manufacturer,"Large shipbuilding structures and modules; heavy plate fabrication; cutting, forming, machining, welding, assembly and outfitting.","Legacy parent W International, LLC; operating assets now within HII/Newport News Shipbuilding–Charleston Operations","Legacy legal ownership not fully verified; acquired operating assets are owned by Huntington Ingalls Industries, Inc.","The transaction was an asset acquisition. The legacy UEI may not represent the current HII operating registration, so historical subaward attribution and present outreach identity should be kept separate.","Correct for historical operations. NAICS 336611 fits the facility’s naval module and ship-structure manufacturing, though the entity was not a complete-ship prime.",Domestic (U.S.),medium,High confidence in historical work and current facility operator; medium confidence in the continuing legal status and ownership of the exact legacy LLC/UEI.,https://www.sec.gov/Archives/edgar/data/1501585/000150158525000006/hii-20241231.htm | https://hii.com/news/hii-increases-throughput-expands-industrial-base-through-distributed-shipbuilding | https://hii.com/leadership/matt-needy | https://abcnews4.com/news/local/sc-based-w-international-llc-at-center-of-105m-federal-overcharging-settlement-law-lawsuit-metal-company-charleston-south-carolina-ncis-fbi-doj-ceo-news-court
37,VJMTKNLENX24,ENGINEERED COIL COMPANY,38450,73.741,0.489,73.252,147,333415,Air-Conditioning and Warm Air Heating Equipment and Commercial and Industrial Refrigeration Equipment Manufacturing,"Engineered Coil Company, operating as Leonardo DRS Marlo Coil/Marlo Heat Transfer Solutions in High Ridge, Missouri, manufactures Navy-qualified heat-transfer and HVAC components.",manufacturer,Heating and cooling coils; fan-coil units and assemblies; condensers and evaporators; refrigeration and air-handling heat exchangers; custom Navy and marine coils.,"Leonardo DRS, Inc.",Leonardo S.p.A. (Italy; public company),The legal entity is Engineered Coil Company; the public operating brand is Marlo Coil/Marlo Heat Transfer Solutions within Leonardo DRS Naval Power Systems.,Correct. NAICS 333415 accurately describes the HVAC and refrigeration-equipment manufacturing activity.,Domestic U.S. operating entity; foreign-owned (Italy),high,Leonardo DRS first-party pages identify the exact site and Navy coil products.,https://www.leonardodrs.com/what-we-do/products-and-services/navy-and-marine-coils/ | https://www.leonardodrs.com/locations/naval-power-systems-marlo-heat-transfer-solutions-high-ridge-mo/ | https://www.lqlite.com/LQ_CAGE.aspx?CAGE=38450&page=2
38,Q35JL9GFCAK3,"MAROTTA CONTROLS, INC.",99657,72.847,52.938,19.909,220,332912,Fluid Power Valve and Hose Fitting Manufacturing,"Marotta Controls designs and manufactures high-reliability shipboard valves, manifolds and flow-control systems for submarine and surface-ship pneumatic and fluid systems.",manufacturer,High- and low-pressure valves; manifold assemblies; quieting manifold technology; pneumatic and hydraulic flow controls; custom shipboard controls and qualification testing.,"Marotta Controls, Inc.","Privately held Marotta Controls, Inc.","The UEI represents the Montville, New Jersey operating company; no larger corporate parent was verified.","Correct. NAICS 332912 is a good match for fluid-power valves and fittings, though Marotta also integrates complete manifolds and controls.",Domestic (U.S.),high,Marotta first-party pages directly document naval markets and shipboard flow-control products.,https://marotta.com/about/ | https://marotta.com/markets/naval/ | https://marotta.com/products/flow-controls/shipboard-controls/
39,Z89SS59265U9,ESPEY MFG. & ELECTRONICS CORP.,20950,71.107,17.508,53.599,131,335999,All Other Miscellaneous Electrical Equipment and Component Manufacturing,"Espey designs and manufactures military power electronics and magnetic components for naval platforms, including transformers, power converters, filters, battery chargers and radar/transmitter power equipment.",manufacturer,Power-distribution transformers; power supplies and converters; filters and inductors; battery chargers; high-voltage/radar power equipment; custom magnetics and power assemblies.,Espey Mfg. & Electronics Corp.,Espey Mfg. & Electronics Corp. (public company),The Saratoga Springs operating company is independent rather than a subsidiary of a diversified OEM.,"Partially correct. NAICS 335999 broadly covers other electrical equipment, but is nonspecific; transformer, power-conversion and electronic-equipment codes better communicate the actual product families.",Domestic (U.S.),high,Espey’s official military-products page details the naval power and magnetic products.,https://www.espey.com/products/military-power-systems-magnetics/ | https://www.espey.com/
40,CBMZJ3Z5SC89,GOODRICH CORPORATION,0BBK9,64.627,63.811,0.816,58,326130,"Laminated Plastics Plate, Sheet (except Packaging), and Shape Manufacturing","Goodrich’s Jacksonville Engineered Polymer Products operation, now part of Collins Aerospace, manufactures molded and vulcanized elastomer and composite acoustic components for submarines and surface ships.",manufacturer,"Sonar windows, baffles and reflectors; bow-dome boots; acoustic tiles; rubber sonar domes; molded urethane/rubber and composite hydrodynamic or propulsor-related components.",Collins Aerospace / Goodrich Corporation,RTX Corporation (public company),"CAGE 0BBK9 is associated with the Jacksonville Engineered Polymer Products operation. The file’s highest owner, Raytheon Technologies Corporation, is a stale corporate name; the parent renamed itself RTX Corporation in July 2023.","Misleading. NAICS 326130 concerns laminated-plastics sheet and shapes, while this operation makes engineered finished elastomer/composite acoustic products; molded rubber and plastics-product codes are more representative.",Domestic (U.S.),high,Collins Aerospace directly documents the submarine and surface-ship composite/rubber products; current ultimate-owner name is verified by RTX.,https://www.collinsaerospace.com/what-we-do/industries/military-and-defense/submarines-and-surface-ships/composites-urethane-rubber-products | https://sam.gov/workspace/contract/opp/4b9cfe19a39b6f8f5deffb3683c74d19/view | https://www.rtx.com/who-we-are/we-are-rtx | https://www.highergov.com/contract/N0016721C0006/
41,MMCKJNNMSG23,"ADVANCE MFG.CO., INC.",29293,64.501,64.501,0,309,332710,Machine Shops,"Advance Manufacturing Company is a precision machine shop and fabricator producing complex, close-tolerance machined parts, weldments and assemblies for defense, nuclear and other high-specification customers.",manufacturer,"Multi-axis CNC-machined parts; large and close-tolerance components; welded and machined assemblies; EDM; inspection, NDE and quality-controlled build-to-print manufacturing.","Advance Mfg. Co., Inc.","Privately held, family-owned company","The UEI represents the Westfield, Massachusetts operating company. Public sources confirm defense and nuclear work but do not identify the exact submarine component represented by these subawards.","Correct. NAICS 332710 accurately describes the machine-shop activity, though it does not convey defense/nuclear quality requirements or assembly capability.",Domestic (U.S.),medium,High confidence in operating capability and ownership; medium overall because the exact Navy shipbuilding end items are not publicly disclosed.,https://www.advancemfg.com/pages/about/about.html | https://m.advancemfg.com/capabilities/group5/edm/ | https://govtribe.com/vendors/advance-mfg-dot-co-dot-inc-dot-29293
42,WJ45NXW2TVD7,MOOG INC.,07270,62.09,62.09,0,116,333995,Fluid Power Cylinder and Actuator Manufacturing,Moog’s naval systems operation designs and manufactures low-noise hydraulic and electromechanical motion-control actuators for mission-critical submarine functions.,manufacturer,Ballast-water control actuators; torpedo-launch and weapon-system actuators; emergency-surfacing actuators; hydraulic and electromechanical linear/rotary actuators; control electronics and qualification testing.,Moog Inc.,Moog Inc. (public company),"CAGE 07270 is associated with Moog’s Orrville, Ohio operation. The profile focuses on the naval actuator products tied to that operating location rather than Moog’s aerospace portfolio.",Correct. NAICS 333995 accurately describes fluid-power cylinder and actuator manufacturing.,Domestic (U.S.),high,Moog directly identifies Virginia-class mission-critical actuator applications.,https://www.moog.com/news/corporate-press-releases/2014/moog-awarded-contract-for-mission-critical-actuators-for-us-navy-virginia-class-nuclear-submarines.html | https://www.moog.com/markets/marine.html | https://www.highergov.com/awardee/moog-inc-10110703/
43,KYURG7LRSC89,WARREN PUMPS LLC,63857,62.083,50.595,11.487,75,333914,"Measuring, Dispensing, and Other Pumping Equipment Manufacturing","Warren Pumps, now operated as CIRCOR Naval Solutions, designs and manufactures highly engineered pumps for U.S. Navy submarines and surface ships.",manufacturer,"Centrifugal pumps; gear, piston and twin-screw pumps; Navy-qualified pump assemblies; replacement parts; overhaul, repair, test and lifecycle engineering.","CIRCOR Naval Solutions, LLC / CIRCOR International",KKR-managed investment funds,The file uses Warren Pumps LLC. Current federal records identify CIRCOR Naval Solutions LLC doing business as Warren Pumps. A May 2026 proposed CIRCOR aerospace sale did not include the retained naval business.,Correct. NAICS 333914 is a strong match for pump manufacturing.,Domestic (U.S.),high,Warren and CIRCOR first-party pages document the naval pump portfolio; current ownership is retained with CIRCOR/KKR.,https://www.warrenpumps.com/ | https://www.warrenpumps.com/military.htm | https://www.circor.com/news/circor-brand-warren-pumps-holds-125th-year-anniversary-event | https://www.highergov.com/awardee/circor-naval-solutions-llc-10110392/ | https://www.reuters.com/legal/transactional/parker-hannifin-acquire-kkr-owned-circor-255-billion-2026-05-21/
44,CPHLNLBGWFN5,"DRS CONSOLIDATED CONTROLS, INC.",06RP6,59.794,59.794,0,18,334515,Instrument Manufacturing for Measuring and Testing Electricity and Electrical Signals,"DRS Consolidated Controls, now part of Leonardo DRS Nuclear Instrumentation & Control, designs and manufactures safety-critical instrumentation, control and actuation systems for naval nuclear propulsion plants.",integrator/OEM,"Analog and digital nuclear instrumentation and control systems; safety and control cabinets; sensors and transmitters; electric-actuation conversion systems; qualification, manufacturing, test and lifecycle support.","Leonardo DRS, Inc.",Leonardo S.p.A. (Italy; public company),"The legal row is DRS Consolidated Controls in Danbury, Connecticut; current public branding is Leonardo DRS Nuclear Instrumentation & Control.","Partially correct. NAICS 334515 covers electrical measuring and testing instruments but understates the complete safety-critical control-system, cabinet and actuation-integration role.",Domestic U.S. operating entity; foreign-owned (Italy),high,"Leonardo DRS directly documents the exact site, products and naval nuclear application.",https://www.leonardodrs.com/what-we-do/our-solutions/power-propulsion/nuclear-instrumentation-and-controls/ | https://www.leonardodrs.com/locations/naval-power-systems-danbury-ct/ | https://investors.leonardodrs.com/node/7301/html
45,MSYWUDGYPKF5,"CP INDUSTRIES HOLDINGS, INC.",48899,57.685,56.489,1.195,52,332420,Metal Tank (Heavy Gauge) Manufacturing,"CP Industries manufactures very large seamless high-pressure steel cylinders and storage vessels for compressed gases, including military and naval shipboard gas-storage applications.",manufacturer,"Large seamless high-pressure cylinders; compressed-air and industrial-gas storage vessels; jumbo tubes and multi-cylinder skids; naval oxygen, nitrogen and air-storage containers.","CP Industries Holdings, Inc.",Everest Kanto Cylinder Limited (India; public company),"The McKeesport, Pennsylvania manufacturer is a U.S. operating subsidiary of India-based Everest Kanto Cylinder.",Correct. NAICS 332420 accurately describes heavy-gauge metal tank and vessel manufacturing.,Domestic U.S. operating entity; foreign-owned (India),high,"CP Industries and its parent directly document the product family, military applications and ownership.",https://cp-industries.com/ | https://cp-industries.com/products/applications/military | https://everestkanto.com/subsidiaries-2/cp-industries-holding-inc/ | https://everestkanto.com/about-us/manufacturing-plants/
46,WREEAHYMRQ45,"PCB PIEZOTRONICS, INC.",52681,57.436,57.436,0,30,334419,Other Electronic Component Manufacturing,"PCB Piezotronics designs and manufactures piezoelectric sensing equipment used for underwater acoustics and shipboard shock, vibration, pressure and machinery monitoring.",manufacturer,Underwater pressure sensors and hydrophones; accelerometers; shock and vibration sensors; dynamic pressure sensors; signal conditioners; custom OEM sensing assemblies.,"PCB Piezotronics, Inc.",Amphenol Corporation (public company),"PCB is a wholly owned Amphenol company. The UEI is the Depew, New York sensor manufacturer rather than the whole Amphenol group.","Partially correct. NAICS 334419 broadly covers other electronic components, but sensor/instrument codes such as 334519 better communicate the operating company’s main products.",Domestic (U.S.),high,PCB first-party pages establish the underwater/OEM products and Amphenol ownership; an NSN record corroborates a Virginia-class application.,https://www.pcb.com/applications/aerospace-defense/underwater-sensors | https://www.pcb.com/applications/program-oem-business | https://www.pcb.com/about/history | https://www.pcb.com/about/divisions-of-pcb | https://www.wbparts.com/rfq/6680-01-589-2611.html
47,TZVRTYNM3MN3,PEGASUS STEEL LLC,4T1A9,56.797,56.797,0,110,332313,Plate Work Manufacturing,"Pegasus Steel, now part of the Keel defense-manufacturing platform, fabricates and integrates complex, fracture-critical steel structures and outfitted modules for submarines, aircraft carriers and other naval platforms.",manufacturer,"Complex welded steel structures; outfitted submarine modules; habitation and equipment modules; heavy plate cutting, forming, machining and certified welding; large assembly and test.","Keel Platform, LLC","Arlington Capital Partners VI, L.P. and affiliated funds",Pegasus Steel was acquired by Arlington Capital Partners and is now operated within the Keel platform. The UEI remains the Pegasus operating entity.,"Correct. NAICS 332313 accurately describes plate-work manufacturing, though it understates the outfitted-module and integration content.",Domestic (U.S.),high,"Keel and Arlington directly document the acquisition, shipbuilding platform and Virginia-class case study.",https://arlingtoncap.com/news/arlington-capital-partners-announces-the-acquisition-of-pegasus-steel/ | https://keelusa.com/ | https://keelusa.com/virginia-class-nuclear-submarine-case-study/ | https://keelusa.com/arlington-capital-partners-announces-the-formation-of-keel-a-new-leader-in-defense-manufacturing-and-its-acquisitions-of-merrill-technologies-group-and-metal-trades-llc/
48,DK14KTLXA9M5,"KME AMERICA MARINE TUBE & FITTING, LLC",7A8G3,54.436,54.436,0,330,332919,Other Metal Valve and Pipe Fitting Manufacturing,"KME America Marine Tube & Fitting manufactures complex metallic formed fittings and flanges for U.S. Navy aircraft carriers and submarines, using heavy forming, CNC machining and advanced metalworking processes.",manufacturer,"Marine pipe and tube fittings; elbows, tees, reducers and formed branches; flanges; copper-alloy and other corrosion-resistant metallic piping components; pressing, machining and inspection.","KME America Marine Holding, Inc. / cunova operating group",cunova GmbH (Germany; current highest owner reported in SAM),"The Jacksonville, Florida company is a U.S. manufacturing operation listed on cunova’s current contact page. A 2024 corporate transaction involving cunova and KME Aerospace creates a complex ownership history; the current SAM highest-owner field and cunova listing are used rather than inferring beyond them.",Correct. NAICS 332919 closely matches metal valve and pipe-fitting manufacturing and is representative of the company’s output.,Domestic U.S. operating entity; foreign-owned (Germany),high,"First-party KME and cunova pages establish the product, Navy application and current group relationship; ownership structure is recorded conservatively.",https://kmetf.com/ | https://cunova.com/en/contact | https://www.highergov.com/awardee/kme-america-marine-tube-fitting-llc-10085327/ | https://www.sec.gov/Archives/edgar/data/1846975/000182912624001009/sdcledgeacq_ex2-1.htm
49,V1MQFNQB56Z5,RIX INDUSTRIES,28953,54.428,29.658,24.77,67,333912,Air and Gas Compressor Manufacturing,RIX Industries designs and manufactures oil-free high-pressure gas compressors and integrated gas-generation systems for naval ships and submarines.,integrator/OEM,"Oil-free reciprocating air and gas compressors; oxygen- and special-gas compressors; shipboard nitrogen-generation systems; compressor plants, controls, skids, spares and lifecycle support.",RIX Industries,"Crestt, LP (privately held)","The UEI represents the Benicia, California operating company. SAM reports Crestt, LP as the immediate owner; no higher public parent was verified.","Correct. NAICS 333912 accurately describes air and gas compressor manufacturing, although RIX also integrates complete gas-generation systems.",Domestic (U.S.),high,RIX first-party pages directly describe its naval compressor and nitrogen-generation products.,https://www.rixindustries.com/naval-systems | https://www.rixindustries.com/nitrogen | https://www.rixindustries.com/test-markets-page | https://www.highergov.com/awardee/rix-industries-10004600/
50,CMT4S6G76QB5,"BWX TECHNOLOGIES, INC.",,52.662,52.662,0,6,,,"BWX Technologies, Inc. is the publicly traded corporate parent and managing office for BWXT’s businesses. Its operating subsidiaries—especially BWXT Nuclear Operations Group—manufacture naval nuclear-reactor components, fuel and propulsion-plant assemblies; the exact deliverable booked to this corporate UEI is not publicly separable.",pass-through/funding,Corporate management and award/reporting functions; group-level naval nuclear propulsion engineering and manufacturing performed through operating subsidiaries.,None; this entity is the corporate parent,"BWX Technologies, Inc. (public company; owned by public shareholders)",This UEI appears to be the corporate managing-office registration rather than a production plant. It should not be merged with the rank-9 BWXT Nuclear Operations Group UEI when describing operating output.,"File field is missing, but current federal-registration data identify NAICS 551114 (Corporate, Subsidiary, and Regional Managing Offices), which is appropriate for this exact corporate UEI. It would be misleading if interpreted as the NAICS for BWXT’s manufacturing subsidiaries.",Domestic (U.S.),medium,"High confidence that this is the corporate parent/office and that BWXT subsidiaries supply naval nuclear hardware; uncertainty remains about why subaward dollars were attributed to this UEI and what, if anything, the corporate entity itself delivered.",https://www.highergov.com/awardee/bwx-technologies-inc-10008491/ | https://www.bwxt.com/sectors/defense-space/sea/naval-nuclear-propulsion/ | https://www.bwxt.com/
52,N5KMLMXEPFM5,PARKER-HANNIFIN CORPORATION,62144,48.861,18.732,30.128,50,333310,Commercial and Service Industry Machinery Manufacturing,"Parker's Carson, CA Water Purification / Racor-Village Marine Tec operation: designs, builds, tests, supports MIL-SPEC reverse-osmosis desalination/watermaker systems (potable & reactor-grade water) for Navy surface ships, submarines, carriers; plus spares, technical assistance, repair.",integrator/OEM,MIL-SPEC reverse-osmosis desalination/watermaker systems; potable & reactor-grade water systems; spares; system repair.,Parker-Hannifin Corporation (parent recipient UEI W138B61KN3Q7),"Parker-Hannifin Corporation, NYSE: PH (public; no higher parent)","UEI is the Carson, CA Water Purification / Racor-Village Marine Tec establishment, not a generic Parker machinery site.",MISLEADING - 333310 'Commercial & Service Industry Machinery' is too generic; obscures the naval desalination-system OEM role; not HVAC/service machinery.,Domestic (U.S.),high,"Operating site & naval desalination role established by Parker MIL-SPEC RO literature, SAM, USAspending; subaward-line content not inferred.",https://www.usaspending.gov/recipient/8b441496-2704-8411-00ce-954738f64c25-P/latest | https://www.parker.com/content/dam/Parker-com/Literature/Village-Marine/Village-Marine-PDF-Files/RacorVMT_Military_Systems_BRO_7845.pdf | https://sam.gov/opp/88d17c4fe435aa62e2ec2f295048f18e/view | https://investors.parker.com/
87,WSK3WRSGKAU1,ALFA LAVAL INC.,71871,27.394,0,27.394,25,332410,Power Boiler and Heat Exchanger Manufacturing,"U.S. Alfa Laval entity: heat exchangers, centrifugal separators/decanters, filters/strainers/membranes, pumps, valves, marine pumping systems + parts/service. Naval outputs = heat-transfer, liquid-separation, fluid-handling.",manufacturer,Heat exchangers; centrifugal separators/decanters; filtration; pumps; valves; marine pumping systems.,"Alfa Laval AB (publ), Lund, Sweden (100% owner)","Alfa Laval AB public shareholders, Nasdaq Stockholm (Winder Holding AG 29.53%, not majority)",U.S. corporation under Swedish ultimate parent.,"ACCURATE but INCOMPLETE - 332410 describes the heat-exchanger line (not misleading) but omits separators, filtration, pumps, valves, marine pumping.",Domestic operating entity / foreign-owned (Sweden),high,Products/ownership from Alfa Laval pages + 2025 annual report; subaward content not inferred.,https://www.usaspending.gov/award/CONT_AWD_N5005425P0427_9700_-NONE-_-NONE- | https://www.alfalaval.us/about-us/our-company/ | https://www.alfalaval.com/contentassets/126cf7ff2776412a9a91e39bcffef344/wkr0006.pdf
108,G78MQ69BN636,AIRCRAFT APPLIANCES AND EQUIPMENT LIMITED,35076,18.771,0,18.771,84,332420,Metal Tank (Heavy Gauge) Manufacturing,"Mississauga operation, now Trident Maritime Systems Canada: bespoke marine fuel- & lube-oil filtration/separation systems (diesel pre-filter coalescers, AVCAT filter-separators), specialized valves/actuators, aviation-support equipment, component overhaul; filtration installed broadly across USN fleet.",integrator/OEM,Marine fuel/lube-oil filtration & separation systems; filter-separators; specialized valves/actuators.,"Lake Shore Systems, Inc. (AAE transferred 2025-03-01); group: Trident Maritime Systems",Funds managed by J.F. Lehman & Company (Trident a current JFLCO portfolio company),Canadian legal entity & manufacturing operation; U.S. PE-controlled group; trades as Trident Maritime Systems Canada.,"MISLEADING - 332420 'Metal Tank Mfg' understates engineered naval filtration/separation systems (proprietary internals, qualification, testing, integration).",Foreign operating entity (Canada) / U.S.-controlled,high,"Identity/ownership from SAM, Trident materials, Companies House accounts, JFLCO portfolio; ownership transfer dated 2025-03-01.",https://sam.gov/opp/2b5bfbc8893ccae686e2ead558f3379c/view | https://www.tridentllc.com/news-events/trident-maritime-systems-brings-a-history-of-proven-excellence-to-the-river-class-destroyer-project | https://find-and-update.company-information.service.gov.uk/company/09124695/filing-history | https://www.jflco.com/portfolio-details/10/trident-maritime-systems
138,LG88NCWJ3A95,"YOUNG ENGINEERING & MANUFACTURING, INC.",0GFE1,12.629,12.629,0,29,332420,Metal Tank (Heavy Gauge) Manufacturing,"Designs/builds pressure-vessel-based fluid-energy & hydraulic-transient control equipment: bladder surge tanks, surge arrestors, pulsation dampeners, related pressure vessels. ASME Sec VIII, NAVSEA Level I/SUBSAFE; used aboard nuclear submarines.",manufacturer,Bladder surge tanks; surge arrestors; pulsation dampeners; ASME pressure vessels.,None identified (appears independent),Not publicly verified (Winston B. Young founded 1987; current beneficial ownership unconfirmed),U.S. corporation & facilities; ownership control not publicly disclosed.,ACCURATE - 332420; heavy-gauge pressure vessels are the physical product & central process.,Domestic (U.S.),medium,Capability high-confidence (SAM + company site); beneficial ownership unverified.,https://sam.gov/opp/ce26985f971a467db1b754c75129802d/view | https://www.youngeng.com/about-us/ | https://calstatela-exhibits.libraryhost.com/exhibits/show/aapi-oral-history-project/item/808
149,FLMQAKFEMG64,INDEECO LLC,74924,11.174,0.375,10.799,61,333414,Heating Equipment (except Warm Air Furnaces) Manufacturing,"Vertically integrated maker of engineered electric-heating/thermal-management equipment: immersion heaters, circulation/in-line process heaters, process-air heaters, tubular elements, marine heaters, SCR/step controls, control panels; ASME pressure-vessel heater packages.",manufacturer,Immersion/process/marine electric heaters; tubular heating elements; SCR/step controls & panels.,ASPEQ Heating Group (SPX electric-heating platform),"SPX Technologies, Inc., NYSE: SPXC (public)",U.S. entity; immediate legal holding between INDEECO and SPX not separately specified in cited materials.,ACCURATE - 333414 'Heating Equipment Mfg' directly describes the output; heating flowing fluids does not make it a piping supplier.,Domestic (U.S.),high,"Products/parent from INDEECO site, ASPEQ/SPX acquisition release, SPX SEC subsidiary exhibit.",https://sam.gov/opp/c37de26d5c164eae8d8e31523ed6162e/view | https://indeeco.com/about/ | https://indeeco.com/products/ | https://www.sec.gov/Archives/edgar/data/88205/000008820526000008/q42025exhibit211.htm
